Season,TeamName,adj_o,adj_d,luck,rank,pyth
2011,Ohio St.,125.4,88.4,0.043,1,0.9824
2011,Duke,118.8,87.2,0.006,2,0.972
2011,Kansas,119.8,88.3,0.071,3,0.9711
2011,Texas,114.0,85.3,-0.055,4,0.9657
2011,Purdue,116.1,87.2,-0.004,5,0.9641
2011,Pittsburgh,119.7,90.8,-0.003,6,0.96
2011,Wisconsin,125.8,96.4,0.014,7,0.9549
2011,Notre Dame,122.8,95.0,0.094,8,0.9505
2011,San Diego St.,112.6,87.1,0.067,9,0.9499
2011,Kentucky,118.2,91.7,-0.073,10,0.949
2011,Syracuse,115.8,89.9,0.064,11,0.9484
2011,North Carolina,112.2,87.2,0.051,12,0.9477
2011,Brigham Young,118.2,91.9,0.053,13,0.9472
2011,Louisville,111.4,87.1,-0.015,14,0.944
2011,Utah St.,110.9,88.0,0.037,15,0.9346
2011,Washington,118.0,94.3,-0.115,16,0.9294
2011,Illinois,112.7,90.6,-0.072,17,0.9253
2011,Florida,115.6,92.9,0.04,18,0.925
2011,Belmont,112.7,90.6,-0.007,19,0.9248
2011,Connecticut,114.7,92.5,0.018,20,0.9221
2011,West Virginia,112.9,91.8,-0.017,21,0.915
2011,Nevada Las Vegas,109.5,89.2,0.026,22,0.9137
2011,Cincinnati,110.1,89.8,0.047,23,0.9128
2011,Vanderbilt,115.2,95.1,-0.043,24,0.9007
2011,George Mason,113.2,93.6,-0.015,25,0.899
2011,Villanova,114.7,95.1,-0.027,26,0.8964
2011,Arizona,115.1,95.5,0.078,27,0.8953
2011,Virginia Tech,110.0,91.3,-0.022,28,0.8948
2011,Gonzaga,110.4,91.6,-0.015,29,0.8947
2011,Kansas St.,110.5,91.7,0.014,30,0.8946
2011,Clemson,106.5,88.7,-0.074,31,0.8912
2011,Georgetown,113.2,94.4,0.045,32,0.8899
2011,Missouri,113.4,94.7,-0.012,33,0.8884
2011,Marquette,115.1,96.2,-0.076,34,0.8881
2011,Maryland,109.2,91.2,-0.088,35,0.8877
2011,Xavier,112.9,94.4,0.061,36,0.8867
2011,St. John's,110.6,92.6,0.051,37,0.8849
2011,Temple,110.0,92.8,0.031,38,0.8765
2011,Southern California,107.8,91.3,-0.042,39,0.8713
2011,Texas A&M,109.0,92.4,0.067,40,0.8703
2011,Florida St.,102.9,87.3,0.012,41,0.8697
2011,New Mexico,111.7,94.7,-0.062,42,0.8696
2011,Michigan St.,108.6,92.8,0.029,43,0.8589
2011,Michigan,110.3,94.4,0.009,44,0.8575
2011,Nebraska,105.3,90.4,-0.067,45,0.852
2011,Alabama,103.1,88.7,-0.022,46,0.8501
2011,Penn St.,113.4,97.6,0.048,47,0.8494
2011,Washington St.,108.4,93.3,-0.042,48,0.849
2011,Old Dominion,108.9,93.8,0.076,49,0.8483
2011,St. Mary's,117.0,100.8,-0.007,50,0.8467
2011,UCLA,106.9,92.2,0.029,51,0.8459
2011,Richmond,110.9,95.6,0.031,52,0.8455
2011,Georgia,108.2,93.5,0.023,53,0.8424
2011,Butler,111.8,96.7,-0.005,54,0.8418
2011,Colorado,115.9,100.3,-0.015,55,0.8417
2011,Tennessee,108.2,93.7,-0.044,56,0.8389
2011,UAB,108.2,94.0,0.016,57,0.8344
2011,Duquesne,105.6,92.0,-0.132,58,0.8304
2011,Seton Hall,102.6,89.5,-0.117,59,0.8274
2011,Iona,113.9,99.6,-0.101,60,0.8234
2011,Boston College,117.7,103.0,0.037,61,0.8227
2011,Minnesota,109.1,95.7,-0.018,62,0.8183
2011,Miami FL,111.6,97.9,-0.041,63,0.8182
2011,Wichita St.,109.9,96.4,-0.063,64,0.8181
2011,Northwestern,114.5,100.8,0.026,65,0.8132
2011,Texas El Paso,104.0,91.9,0.008,66,0.8057
2011,California,110.3,97.9,0.026,67,0.7971
2011,Oakland,116.0,103.3,0.037,68,0.7918
2011,Southern Mississippi,111.5,99.3,-0.024,69,0.7905
2011,Cleveland St.,108.3,97.3,0.031,70,0.7738
2011,Mississippi,112.5,101.1,-0.02,71,0.773
2011,Baylor,107.0,96.2,-0.045,72,0.7725
2011,Colorado St.,107.9,97.3,0.019,73,0.767
2011,Rutgers,107.3,97.0,-0.052,74,0.762
2011,Oklahoma St.,105.0,94.9,0.051,75,0.7616
2011,Harvard,111.1,100.6,0.064,76,0.7575
2011,Iowa St.,106.6,96.8,-0.095,77,0.7515
2011,Indiana,108.6,98.9,-0.14,78,0.7458
2011,Missouri St.,110.7,101.0,0.031,79,0.7408
2011,Marshall,109.4,99.9,0.004,80,0.7405
2011,College of Charleston,111.0,101.4,-0.014,81,0.7383
2011,Boise St.,106.3,97.3,-0.042,82,0.735
2011,Iowa,103.4,94.9,-0.118,83,0.7281
2011,Oregon,106.3,97.6,-0.018,84,0.7259
2011,Virginia Commonwealth,109.6,100.7,0.023,85,0.7259
2011,Tulsa,106.2,97.6,-0.004,86,0.7245
2011,Wofford,111.7,103.0,-0.015,87,0.717
2011,Long Beach St.,106.1,98.0,0.078,88,0.7139
2011,Princeton,104.6,96.8,0.101,89,0.7112
2011,Georgia Tech,100.8,93.6,-0.092,90,0.703
2011,Fairfield,96.9,90.0,0.049,91,0.7021
2011,North Carolina St.,108.6,100.8,-0.02,92,0.7008
2011,Bucknell,103.1,95.9,0.04,93,0.6974
2011,Morehead St.,104.7,97.6,-0.002,94,0.6924
2011,Providence,108.2,100.9,-0.045,95,0.6896
2011,Dayton,101.9,95.1,0.053,96,0.688
2011,Virginia,102.9,96.1,0.02,97,0.687
2011,Central Florida,105.0,98.3,0.007,98,0.6812
2011,Drexel,97.4,91.2,0.066,99,0.6809
2011,Stanford,103.6,97.1,-0.044,100,0.6778
2011,Memphis,101.8,95.6,0.132,101,0.6732
2011,Arkansas,105.2,99.0,0.003,102,0.6679
2011,Valparaiso,104.1,98.2,0.068,103,0.6601
2011,James Madison,107.2,101.3,0.009,104,0.659
2011,Portland,110.0,104.0,0.06,105,0.656
2011,Montana,99.7,94.4,0.018,106,0.6507
2011,Texas Tech,106.6,101.0,-0.041,107,0.6483
2011,Rider,106.3,100.9,0.053,108,0.6461
2011,Indiana St.,100.9,96.1,0.052,109,0.6387
2011,Coastal Carolina,104.2,99.3,0.081,110,0.6344
2011,St. Peter's,95.0,90.6,0.072,111,0.6332
2011,Air Force,105.2,100.4,0.018,112,0.6326
2011,East Tennessee St.,102.0,97.4,0.039,113,0.6322
2011,South Dakota St.,113.6,108.7,-0.084,114,0.6256
2011,Wright St.,103.4,99.0,-0.014,115,0.6243
2011,Creighton,105.4,100.9,-0.045,116,0.6231
2011,Kent St.,102.2,97.8,0.061,117,0.6225
2011,Long Island,107.8,103.3,0.051,118,0.6213
2011,East Carolina,105.1,100.7,0.036,119,0.6204
2011,Buffalo,103.8,99.4,-0.106,120,0.6203
2011,Northern Colorado,104.7,100.4,0.018,121,0.6199
2011,Rhode Island,102.4,98.2,0.064,122,0.6193
2011,New Mexico St.,103.6,99.3,-0.027,123,0.6179
2011,Arizona St.,103.4,99.2,-0.009,124,0.6165
2011,Mississippi St.,105.2,101.0,0.072,125,0.6157
2011,St. Louis,97.5,94.0,-0.124,126,0.6041
2011,Northern Arizona,104.0,100.3,-0.056,127,0.6041
2011,Murray St.,102.3,98.8,0.041,128,0.5976
2011,Northern Iowa,107.2,103.6,0.022,129,0.5965
2011,South Carolina,99.4,96.1,0.01,130,0.5955
2011,South Florida,102.2,98.9,-0.02,131,0.5934
2011,Oral Roberts,109.1,105.6,-0.019,132,0.5928
2011,Akron,102.0,98.8,0.033,133,0.5921
2011,Oklahoma,103.8,100.5,0.025,134,0.5919
2011,Idaho,104.7,101.5,0.029,135,0.5872
2011,Vermont,100.1,97.4,0.081,136,0.58
2011,Hofstra,107.5,104.6,0.139,137,0.5782
2011,Austin Peay,100.7,98.0,-0.031,138,0.5771
2011,Detroit,105.5,102.7,-0.022,139,0.577
2011,Utah,101.5,98.9,0.033,140,0.5717
2011,NC Asheville,99.7,97.4,-0.031,141,0.5675
2011,IUPUI,110.1,107.6,0.015,142,0.5673
2011,St. Bonaventure,105.9,103.8,0.031,143,0.5578
2011,Southern Methodist,102.9,101.0,-0.058,144,0.5549
2011,Loyola Chicago,103.3,101.4,-0.063,145,0.5528
2011,Wisconsin Milwaukee,102.7,100.9,0.128,146,0.5519
2011,UC Santa Barbara,102.2,100.5,-0.023,147,0.548
2011,San Francisco,100.4,98.8,0.077,148,0.5455
2011,Rice,103.9,102.3,-0.063,149,0.5443
2011,Santa Clara,103.6,102.1,0.032,150,0.5409
2011,Robert Morris,101.2,100.1,0.014,151,0.5316
2011,Pacific,103.3,102.1,-0.061,152,0.5315
2011,Nevada,103.0,101.9,-0.05,153,0.5314
2011,Furman,102.5,101.5,0.067,154,0.5277
2011,Oregon St.,101.4,100.6,-0.044,155,0.5222
2011,Hawaii,100.2,99.5,0.056,156,0.5221
2011,Ohio,104.9,104.5,-0.006,157,0.5114
2011,Central Connecticut,98.7,98.4,-0.009,158,0.5083
2011,Wisconsin Green Bay,101.7,101.4,0.01,159,0.5071
2011,Lipscomb,104.7,104.4,0.0,160,0.5064
2011,Fresno St.,100.8,100.6,-0.033,161,0.5056
2011,Western Michigan,104.2,104.0,0.061,162,0.5039
2011,George Washington,99.9,99.8,0.072,163,0.503
2011,Davidson,102.0,102.0,-0.028,164,0.5005
2011,Cal Poly,96.3,96.6,-0.001,165,0.4932
2011,La Salle,104.2,104.6,0.008,166,0.4884
2011,Texas Christian,100.5,100.9,-0.076,167,0.4861
2011,Quinnipiac,102.6,103.1,0.012,168,0.4859
2011,Weber St.,102.4,103.0,0.012,169,0.4821
2011,Boston University,102.0,102.7,0.032,170,0.4819
2011,Ball St.,101.4,102.1,0.036,171,0.4798
2011,Sam Houston St.,101.6,102.4,-0.031,172,0.4759
2011,North Dakota St.,102.4,103.5,-0.132,173,0.4695
2011,Canisius,101.8,102.9,-0.032,174,0.4693
2011,North Texas,107.2,108.5,0.044,175,0.4642
2011,Jacksonville,96.4,97.8,0.042,176,0.461
2011,San Jose St.,103.2,104.8,0.071,177,0.4548
2011,Loyola MD,101.8,103.5,-0.024,178,0.4521
2011,Middle Tennessee,95.5,97.2,-0.071,179,0.4502
2011,Tulane,100.5,102.3,-0.126,180,0.4496
2011,IUPU Fort Wayne,103.6,105.5,0.025,181,0.4495
2011,Pennsylvania,100.5,102.5,0.006,182,0.4439
2011,American,102.0,104.1,0.129,183,0.441
2011,Florida Atlantic,100.1,102.6,0.127,184,0.4283
2011,Western Carolina,97.0,99.4,0.042,185,0.4282
2011,Miami OH,102.8,105.6,0.121,186,0.4225
2011,Northeastern,107.4,110.5,0.023,187,0.4186
2011,Evansville,98.7,101.7,0.047,188,0.4166
2011,Cornell,103.2,106.3,-0.071,189,0.4158
2011,Yale,97.3,100.3,0.032,190,0.4152
2011,Massachusetts,95.8,98.7,0.043,191,0.4144
2011,McNeese St.,103.7,106.9,0.104,192,0.4141
2011,Arkansas St.,99.0,102.1,0.002,193,0.4121
2011,Saint Joseph's,103.6,106.9,0.014,194,0.4104
2011,Lehigh,100.6,104.1,-0.03,195,0.4028
2011,Bradley,99.6,103.1,-0.034,196,0.4025
2011,Mercer,99.7,103.2,-0.001,197,0.4012
2011,Virginia Military Inst,109.1,113.0,-0.017,198,0.4
2011,Delaware,98.1,101.6,0.058,199,0.3992
2011,Stephen F. Austin,95.3,98.9,-0.039,200,0.3946
2011,Loyola Marymount,100.0,104.2,-0.1,201,0.3849
2011,DePaul,101.5,105.9,-0.045,202,0.3821
2011,Houston,100.8,105.1,0.006,203,0.3817
2011,Tennessee Tech,99.7,104.0,0.067,204,0.3799
2011,Denver,96.8,101.4,-0.057,205,0.3706
2011,Maine,103.1,107.9,-0.054,206,0.3704
2011,St. Francis NY,96.5,101.1,-0.016,207,0.3703
2011,Charlotte,99.1,103.8,-0.011,208,0.3687
2011,Wyoming,97.9,102.6,-0.056,209,0.3681
2011,Arkansas Little Rock,99.5,104.4,0.044,210,0.3659
2011,Cal St. Northridge,98.7,103.7,0.001,211,0.3603
2011,Siena,97.0,102.0,-0.005,212,0.3595
2011,William & Mary,101.6,106.8,-0.056,213,0.3592
2011,NC Wilmington,99.0,104.2,0.002,214,0.3561
2011,Appalachian St.,102.5,107.9,0.044,215,0.3558
2011,Charleston Southern,101.2,106.7,-0.061,216,0.3519
2011,Auburn,95.3,100.5,0.001,217,0.3518
2011,UC Irvine,100.7,106.3,-0.049,218,0.3501
2011,Drake,98.5,104.1,-0.01,219,0.3484
2011,Columbia,98.6,104.2,0.038,220,0.347
2011,Lafayette,100.6,106.3,-0.03,221,0.3456
2011,Stony Brook,92.8,98.1,-0.025,222,0.3454
2011,Texas San Antonio,100.1,106.0,0.05,223,0.3415
2011,Holy Cross,100.0,106.1,-0.15,224,0.3356
2011,Western Kentucky,98.4,104.5,0.018,225,0.3354
2011,Louisiana Lafayette,97.6,103.6,0.03,226,0.3347
2011,Winthrop,94.3,100.1,-0.04,227,0.334
2011,Pepperdine,102.2,108.5,0.006,228,0.3324
2011,Hampton,91.9,97.8,0.025,229,0.3304
2011,Georgia St.,92.4,98.3,-0.031,230,0.3281
2011,Louisiana St.,93.1,99.1,-0.055,231,0.3277
2011,Nicholls St.,95.7,101.9,-0.051,232,0.3268
2011,Lamar,98.6,105.5,-0.126,233,0.315
2011,Tennessee St.,100.0,107.2,0.022,234,0.3119
2011,Eastern Kentucky,100.8,108.0,-0.027,235,0.3095
2011,Southern Illinois,94.3,101.3,0.034,236,0.3073
2011,Liberty,96.0,103.0,0.086,237,0.3072
2011,North Florida,96.8,103.9,0.087,238,0.3071
2011,Elon,102.6,110.2,-0.014,239,0.3047
2011,Wagner,97.5,105.0,0.027,240,0.3
2011,UC Davis,101.2,108.9,-0.095,241,0.2999
2011,Albany,99.6,107.3,0.025,242,0.2979
2011,Texas St.,99.3,107.1,0.036,243,0.2963
2011,Brown,100.6,108.6,-0.029,244,0.2932
2011,Illinois St.,94.1,101.7,-0.008,245,0.2915
2011,Bowling Green,95.7,104.0,0.017,246,0.2783
2011,Texas Arlington,95.3,103.7,-0.072,247,0.2745
2011,Southern Utah,98.6,107.6,-0.014,248,0.2693
2011,Morgan St.,92.6,101.1,0.054,249,0.2688
2011,Louisiana Tech,91.9,100.3,-0.006,250,0.2687
2011,Utah Valley,98.6,107.6,0.031,251,0.2672
2011,Wake Forest,97.8,106.7,0.009,252,0.2668
2011,Coppin St.,98.1,107.2,0.022,253,0.2646
2011,Youngstown St.,98.1,107.3,-0.024,254,0.2623
2011,Montana St.,97.7,107.1,0.006,255,0.2571
2011,Southeastern Louisiana,96.4,105.9,0.067,256,0.2533
2011,Northwestern St.,99.0,108.8,0.1,257,0.2521
2011,Cal St. Fullerton,102.1,112.2,0.018,258,0.2518
2011,Eastern Washington,97.1,106.8,-0.032,259,0.2512
2011,Illinois Chicago,93.8,103.3,-0.041,260,0.2478
2011,Campbell,94.9,104.7,-0.06,261,0.2444
2011,Presbyterian,98.1,108.4,0.046,262,0.2421
2011,Seattle,91.2,101.1,0.046,263,0.2345
2011,Sacred Heart,97.2,107.9,-0.013,264,0.2312
2011,Portland St.,101.6,113.0,0.065,265,0.2278
2011,Towson,104.1,115.9,-0.07,266,0.2258
2011,Mount St. Mary's,91.6,102.0,-0.02,267,0.2241
2011,UC Riverside,95.6,106.5,0.068,268,0.224
2011,Gardner Webb,92.5,103.1,-0.016,269,0.2236
2011,Navy,90.8,101.4,-0.038,270,0.2197
2011,Missouri Kansas City,98.9,110.8,0.114,271,0.2129
2011,Troy,94.8,106.3,-0.037,272,0.2105
2011,Northern Illinois,95.8,107.6,-0.029,273,0.2073
2011,Jacksonville St.,95.2,107.1,-0.078,274,0.2045
2011,NC Greensboro,97.6,109.9,-0.031,275,0.204
2011,Jackson St.,93.0,104.8,0.011,276,0.2036
2011,Florida Gulf Coast,92.2,103.8,-0.001,277,0.2035
2011,Savannah St.,88.1,99.3,0.042,278,0.2035
2011,Chattanooga,95.6,107.8,0.134,279,0.2011
2011,The Citadel,98.6,111.3,-0.055,280,0.1985
2011,St. Francis PA,97.2,110.0,-0.016,281,0.1955
2011,Bethune Cookman,97.9,110.9,0.159,282,0.1925
2011,Monmouth,91.9,104.1,-0.029,283,0.1919
2011,Eastern Michigan,87.7,99.3,-0.109,284,0.1917
2011,Florida International,98.3,111.4,-0.013,285,0.1915
2011,Texas Southern,90.0,102.1,0.156,286,0.1907
2011,Central Michigan,89.0,100.9,-0.005,287,0.1905
2011,Army,96.0,108.9,-0.03,288,0.1903
2011,Southeast Missouri St.,95.2,108.5,-0.019,289,0.1816
2011,Norfolk St.,95.2,108.5,-0.012,290,0.181
2011,South Alabama,97.9,111.6,0.041,291,0.1804
2011,Fordham,95.4,108.9,0.012,292,0.1784
2011,New Hampshire,89.2,102.2,0.029,293,0.1737
2011,South Dakota,98.8,113.5,-0.031,294,0.1692
2011,Tennessee Martin,94.9,109.0,-0.002,295,0.1691
2011,North Carolina A&T,96.5,111.2,0.049,296,0.1645
2011,Hartford,90.4,104.5,-0.011,297,0.1594
2011,San Diego,90.3,104.5,-0.03,298,0.1564
2011,Eastern Illinois,91.5,106.0,-0.016,299,0.1555
2011,Stetson,94.1,109.1,0.007,300,0.1553
2011,Idaho St.,95.9,111.1,-0.003,301,0.155
2011,Niagara,89.4,103.8,0.02,302,0.152
2011,Manhattan,94.6,110.0,0.026,303,0.1495
2011,North Dakota,90.7,105.8,0.073,304,0.1461
2011,North Carolina Central,94.6,110.5,0.092,305,0.1431
2011,Alabama St.,90.3,105.9,0.03,306,0.1375
2011,Bryant,97.6,114.7,0.033,307,0.1347
2011,NJ Inst of Technology,90.2,106.1,0.017,308,0.1328
2011,Delaware St.,95.0,112.0,-0.065,309,0.131
2011,High Point,92.1,109.1,0.083,310,0.1244
2011,Samford,93.3,110.9,0.074,311,0.1199
2011,Texas A&M Corpus Chris,90.7,107.9,0.042,312,0.1191
2011,Binghamton,94.3,112.3,-0.041,313,0.1185
2011,Mississippi Valley St.,90.7,108.1,0.035,314,0.1179
2011,Marist,92.3,110.2,0.008,315,0.1156
2011,Fairleigh Dickinson,91.5,109.3,-0.026,316,0.1144
2011,Colgate,93.6,112.3,-0.031,317,0.1098
2011,Cal St. Bakersfield,92.5,111.4,0.037,318,0.1054
2011,Kennesaw St.,95.3,114.9,0.0,319,0.1038
2011,South Carolina Upstate,89.5,108.0,0.017,320,0.1035
2011,Longwood,98.7,119.1,0.025,321,0.1032
2011,Sacramento St.,90.5,109.3,-0.027,322,0.1029
2011,Alabama A&M,85.7,104.1,-0.002,323,0.0957
2011,Dartmouth,88.6,108.0,-0.014,324,0.0932
2011,Georgia Southern,88.0,108.1,-0.064,325,0.0857
2011,South Carolina St.,89.0,109.8,-0.049,326,0.0818
2011,Louisiana Monroe,91.8,113.4,-0.022,327,0.0806
2011,Florida A&M,86.3,106.8,0.006,328,0.0792
2011,Grambling,84.5,105.6,0.034,329,0.0717
2011,Radford,85.1,106.5,0.007,330,0.0702
2011,Western Illinois,85.2,107.0,0.003,331,0.0674
2011,Texas Pan American,91.0,114.5,-0.074,332,0.0661
2011,Toledo,88.4,112.4,-0.038,333,0.059
2011,Central Arkansas,88.3,112.4,-0.071,334,0.0586
2011,Houston Baptist,89.5,114.2,0.031,335,0.0569
2011,Maryland Eastern Shore,89.0,113.7,0.027,336,0.0567
2011,MD Baltimore County,93.0,118.8,0.025,337,0.0564
2011,Prairie View A&M,84.0,108.2,-0.025,338,0.0518
2011,Arkansas Pine Bluff,86.3,112.1,0.004,339,0.0469
2011,Howard,86.1,112.2,0.023,340,0.0457
2011,Alcorn St.,83.4,111.1,-0.02,341,0.0358
2011,SIU Edwardsville,83.7,113.6,0.053,342,0.0291
2011,Centenary,81.2,112.5,-0.022,343,0.0231
2011,Chicago St.,84.1,120.0,-0.005,344,0.0166
2011,Southern,80.0,114.8,-0.036,345,0.0155
2012,Kentucky,121.7,86.7,0.035,1,0.9701
2012,Ohio St.,116.7,83.8,-0.041,2,0.9677
2012,Michigan St.,115.7,84.8,-0.046,3,0.9606
2012,Kansas,117.0,87.6,0.01,4,0.9511
2012,North Carolina,115.6,87.3,0.029,5,0.9464
2012,Wisconsin,112.4,85.9,-0.01,6,0.9403
2012,Syracuse,116.1,88.9,0.064,7,0.9389
2012,Missouri,125.5,96.1,0.033,8,0.9389
2012,Memphis,114.4,88.4,-0.056,9,0.9335
2012,Wichita St.,116.8,90.4,-0.001,10,0.9324
2012,Indiana,120.3,94.5,0.001,11,0.9224
2012,Georgetown,109.7,87.3,0.001,12,0.9123
2012,New Mexico,111.0,88.6,0.012,13,0.9102
2012,Baylor,116.0,92.8,0.057,14,0.9084
2012,St. Louis,110.6,88.4,-0.051,15,0.9082
2012,Duke,117.2,94.9,0.072,16,0.8967
2012,Vanderbilt,114.6,92.9,-0.047,17,0.8963
2012,Marquette,112.3,91.0,0.048,18,0.8956
2012,Florida,121.0,98.3,-0.035,19,0.8935
2012,Louisville,103.7,84.7,0.021,20,0.8878
2012,Kansas St.,109.8,90.3,-0.037,21,0.8813
2012,Belmont,116.5,96.2,-0.018,22,0.877
2012,Florida St.,106.4,88.0,0.03,23,0.8753
2012,Purdue,117.4,97.3,-0.0,24,0.873
2012,Michigan,113.4,94.1,0.07,25,0.8718
2012,Virginia,104.9,87.2,-0.044,26,0.8702
2012,Texas,112.4,93.8,-0.057,27,0.8641
2012,California,109.6,91.7,-0.002,28,0.862
2012,Alabama,104.7,87.8,-0.051,29,0.858
2012,Iowa St.,111.8,93.9,-0.01,30,0.8575
2012,Cincinnati,109.5,92.3,0.012,31,0.8525
2012,Gonzaga,110.0,92.8,-0.009,32,0.8513
2012,Nevada Las Vegas,108.9,92.4,0.02,33,0.8441
2012,Creighton,119.5,101.8,0.074,34,0.8379
2012,Long Beach St.,109.0,93.3,-0.038,35,0.8323
2012,Connecticut,110.1,94.2,-0.033,36,0.8321
2012,Temple,113.5,97.1,0.045,37,0.8319
2012,Miami FL,110.9,95.0,-0.045,38,0.8296
2012,Harvard,107.3,92.4,0.033,39,0.8225
2012,Drexel,108.4,93.6,0.036,40,0.8182
2012,Notre Dame,109.4,94.5,0.046,41,0.8181
2012,St. Mary's,112.7,97.4,0.054,42,0.8168
2012,West Virginia,110.7,95.7,-0.028,43,0.8166
2012,North Carolina St.,111.0,96.2,-0.002,44,0.8133
2012,Murray St.,107.8,93.7,0.039,45,0.8077
2012,Virginia Commonwealth,105.9,92.3,0.034,46,0.8039
2012,Seton Hall,105.6,92.1,-0.002,47,0.8024
2012,UCLA,106.9,93.3,-0.073,48,0.8022
2012,Arizona,107.3,93.8,-0.051,49,0.7989
2012,Brigham Young,105.3,92.1,0.013,50,0.7977
2012,Xavier,107.9,94.6,0.036,51,0.7946
2012,San Diego St.,106.2,93.4,0.057,52,0.7883
2012,Stanford,105.1,92.5,-0.038,53,0.7866
2012,Minnesota,108.3,95.6,-0.017,54,0.7836
2012,South Dakota St.,112.0,98.8,0.041,55,0.7831
2012,Iona,115.6,102.1,0.003,56,0.782
2012,La Salle,106.9,94.4,-0.093,57,0.7817
2012,Northwestern,114.8,101.4,0.035,58,0.7814
2012,St. Bonaventure,110.1,97.3,-0.015,59,0.7795
2012,Tennessee,105.8,93.6,-0.035,60,0.7778
2012,Middle Tennessee,105.8,93.7,-0.003,61,0.7761
2012,New Mexico St.,107.6,95.5,-0.045,62,0.7733
2012,Oregon,111.8,99.2,0.054,63,0.7731
2012,Dayton,111.8,99.2,-0.007,64,0.7731
2012,Saint Joseph's,109.7,97.6,-0.04,65,0.7672
2012,South Florida,100.3,89.3,0.048,66,0.7669
2012,Washington,107.2,95.7,0.034,67,0.7613
2012,Davidson,110.5,98.7,0.019,68,0.7611
2012,Illinois,103.9,93.4,-0.007,69,0.749
2012,Southern Mississippi,109.7,98.9,0.051,70,0.7442
2012,Clemson,104.5,94.2,-0.107,71,0.7436
2012,Ohio,104.2,93.9,0.021,72,0.7435
2012,Wyoming,101.0,91.1,-0.056,73,0.7431
2012,Marshall,108.6,98.3,0.034,74,0.7352
2012,Colorado St.,111.9,101.5,0.077,75,0.7317
2012,Colorado,103.2,93.5,0.075,76,0.7317
2012,Denver,108.9,98.9,-0.072,77,0.7295
2012,Pittsburgh,110.1,99.9,-0.052,78,0.7294
2012,Georgia St.,100.8,91.7,-0.064,79,0.725
2012,Akron,106.1,96.6,-0.005,80,0.7248
2012,Mississippi,103.2,94.1,0.08,81,0.7209
2012,Cleveland St.,104.6,95.5,0.015,82,0.717
2012,Lehigh,106.6,97.4,-0.035,83,0.7161
2012,Villanova,107.8,98.5,-0.097,84,0.7157
2012,Virginia Tech,105.7,96.6,-0.094,85,0.7155
2012,Mississippi St.,110.2,100.7,0.02,86,0.7154
2012,Princeton,105.7,96.9,-0.038,87,0.7097
2012,Illinois St.,105.5,96.7,0.006,88,0.7093
2012,Iowa,109.7,100.6,0.01,89,0.7091
2012,Tulsa,105.4,96.6,-0.073,90,0.7091
2012,Massachusetts,103.9,95.4,0.043,91,0.7075
2012,Oklahoma St.,106.4,97.7,-0.017,92,0.7057
2012,Old Dominion,100.7,92.5,-0.012,93,0.7047
2012,Montana,101.7,93.5,0.041,94,0.7031
2012,Northern Iowa,104.8,96.5,0.004,95,0.6994
2012,Central Florida,105.1,97.0,0.084,96,0.6948
2012,Oregon St.,109.8,101.4,-0.067,97,0.6942
2012,Louisiana St.,99.4,91.8,0.019,98,0.6936
2012,Missouri St.,104.0,96.5,-0.094,99,0.6826
2012,Oral Roberts,109.7,101.9,0.068,100,0.6812
2012,UC Santa Barbara,109.0,101.3,0.009,101,0.6794
2012,Lamar,106.2,98.8,-0.025,102,0.6774
2012,Bucknell,105.4,98.2,0.017,103,0.6743
2012,Fairfield,98.8,92.3,-0.071,104,0.6672
2012,Richmond,107.6,100.6,-0.047,105,0.6657
2012,Oklahoma,103.5,96.9,-0.019,106,0.663
2012,Buffalo,106.0,99.2,0.009,107,0.6622
2012,George Mason,102.6,96.2,0.048,108,0.6583
2012,Mercer,102.0,95.8,-0.014,109,0.6543
2012,Texas Arlington,103.2,97.0,0.03,110,0.6531
2012,Nevada,103.9,97.7,0.098,111,0.6526
2012,Texas A&M,100.0,94.1,-0.054,112,0.6509
2012,Evansville,108.2,101.9,-0.014,113,0.6491
2012,Wagner,102.5,96.9,0.015,114,0.64
2012,Detroit,107.2,101.6,-0.01,115,0.634
2012,Georgia,102.2,97.0,0.032,116,0.6308
2012,Rutgers,100.8,95.7,-0.052,117,0.6303
2012,Manhattan,101.3,96.4,-0.023,118,0.623
2012,Vermont,102.4,97.6,-0.031,119,0.6205
2012,Butler,97.7,93.2,0.029,120,0.6201
2012,NC Asheville,107.6,102.7,0.009,121,0.6181
2012,Kent St.,104.4,99.8,0.005,122,0.6133
2012,Maryland,104.9,100.6,0.091,123,0.6058
2012,Bowling Green,101.9,97.7,-0.07,124,0.6054
2012,Penn St.,101.4,97.3,-0.025,125,0.6045
2012,Providence,108.4,104.0,-0.012,126,0.6037
2012,East Carolina,103.3,99.2,-0.095,127,0.6037
2012,Loyola MD,102.7,98.6,0.11,128,0.602
2012,Washington St.,105.7,101.7,-0.063,129,0.5982
2012,UAB,100.0,96.2,0.02,130,0.5975
2012,Pennsylvania,102.2,98.4,0.063,131,0.5961
2012,Arkansas,104.9,101.1,0.029,132,0.5922
2012,Duquesne,104.9,101.2,0.024,133,0.5915
2012,Utah St.,106.0,102.6,-0.073,134,0.5835
2012,San Francisco,107.2,103.9,-0.0,135,0.5803
2012,Indiana St.,99.8,96.9,0.069,136,0.5756
2012,Drake,98.9,96.1,0.037,137,0.5752
2012,Weber St.,108.1,105.0,0.121,138,0.5744
2012,South Carolina Upstate,102.0,99.1,0.042,139,0.5732
2012,Texas El Paso,99.9,97.1,-0.031,140,0.5712
2012,Robert Morris,103.4,100.6,0.05,141,0.57
2012,Quinnipiac,102.8,100.1,-0.07,142,0.568
2012,Stony Brook,102.1,99.6,0.04,143,0.5624
2012,Stephen F. Austin,96.2,94.1,-0.058,144,0.558
2012,Valparaiso,103.3,101.0,0.103,145,0.5566
2012,Texas Christian,105.8,103.5,0.083,146,0.5538
2012,East Tennessee St.,99.8,97.8,-0.016,147,0.5523
2012,Loyola Marymount,100.7,98.7,0.054,148,0.5507
2012,Rice,99.5,97.8,-0.021,149,0.5446
2012,Wisconsin Milwaukee,98.7,97.1,0.042,150,0.5436
2012,Boise St.,103.5,101.7,-0.083,151,0.5428
2012,DePaul,106.7,105.0,-0.045,152,0.5407
2012,Yale,99.3,98.0,0.11,153,0.5324
2012,Auburn,96.5,95.4,0.025,154,0.5284
2012,Charlotte,98.6,97.5,0.001,155,0.5284
2012,Oakland,111.9,110.8,0.002,156,0.5253
2012,Idaho,104.2,103.1,-0.01,157,0.525
2012,St. John's,102.4,101.5,0.031,158,0.5228
2012,North Texas,98.7,97.9,-0.039,159,0.5212
2012,Nebraska,100.6,99.8,0.033,160,0.5197
2012,South Carolina,101.6,100.9,-0.071,161,0.5186
2012,College of Charleston,99.9,99.7,0.029,162,0.5049
2012,Delaware,102.5,102.5,0.037,163,0.5001
2012,Youngstown St.,104.3,104.4,-0.021,164,0.497
2012,Long Island,106.8,107.2,0.106,165,0.4914
2012,American,99.7,100.1,0.059,166,0.4898
2012,Cal Poly,103.0,103.4,-0.07,167,0.489
2012,Cal St. Fullerton,107.1,107.8,0.016,168,0.4811
2012,Tennessee St.,98.8,99.6,0.1,169,0.4803
2012,George Washington,99.9,101.1,-0.039,170,0.4697
2012,North Dakota St.,103.7,105.0,-0.042,171,0.4675
2012,Texas San Antonio,101.7,103.1,-0.05,172,0.467
2012,Savannah St.,93.1,94.5,0.076,173,0.4608
2012,Florida Gulf Coast,103.4,105.0,-0.029,174,0.4608
2012,Western Illinois,95.5,97.0,0.023,175,0.4608
2012,Georgia Tech,96.1,97.6,-0.076,176,0.4583
2012,Arkansas Little Rock,96.4,98.1,0.025,177,0.4545
2012,Boston University,97.2,99.1,-0.01,178,0.4519
2012,Charleston Southern,102.0,104.0,0.008,179,0.4499
2012,Wisconsin Green Bay,99.0,101.1,0.068,180,0.4478
2012,Fresno St.,99.2,101.2,-0.09,181,0.4478
2012,Western Michigan,103.0,105.2,-0.069,182,0.4476
2012,Louisiana Tech,100.5,102.6,0.054,183,0.4469
2012,Columbia,100.8,103.1,-0.047,184,0.4437
2012,Houston,103.1,105.6,-0.003,185,0.439
2012,Northeastern,98.9,101.3,0.037,186,0.4381
2012,Tennessee Tech,101.7,104.4,0.056,187,0.4338
2012,Air Force,98.1,100.7,-0.019,188,0.4334
2012,Morehead St.,98.3,101.1,0.028,189,0.4288
2012,Western Kentucky,97.3,100.1,0.071,190,0.4282
2012,Tulane,97.0,99.8,-0.073,191,0.4278
2012,Jacksonville St.,97.3,100.4,-0.083,192,0.4184
2012,Southern Methodist,95.4,98.5,-0.031,193,0.4175
2012,Albany,106.6,110.2,-0.01,194,0.417
2012,Wofford,99.5,103.0,0.051,195,0.4143
2012,North Florida,100.0,103.6,0.066,196,0.4104
2012,Miami OH,100.2,104.0,-0.039,197,0.4077
2012,Coastal Carolina,100.3,104.1,0.012,198,0.4071
2012,Arkansas St.,101.2,105.0,-0.023,199,0.407
2012,Toledo,101.4,105.2,-0.022,200,0.4055
2012,IUPUI,105.8,109.9,-0.028,201,0.4042
2012,Rider,102.3,106.4,-0.0,202,0.3995
2012,Wake Forest,100.1,104.3,0.057,203,0.3969
2012,Portland St.,105.7,110.2,-0.002,204,0.3962
2012,Rhode Island,101.1,105.4,-0.048,205,0.3948
2012,Cornell,96.1,100.2,0.028,206,0.3943
2012,North Carolina Central,95.5,99.7,-0.062,207,0.3924
2012,Florida Atlantic,98.5,102.8,-0.047,208,0.3906
2012,Louisiana Lafayette,92.1,96.1,0.028,209,0.3904
2012,Lipscomb,98.9,103.3,0.015,210,0.3891
2012,San Diego,100.1,104.6,0.005,211,0.3879
2012,Hawaii,101.5,106.3,0.035,212,0.3826
2012,Norfolk St.,96.8,101.5,0.159,213,0.3799
2012,Central Connecticut,97.8,102.6,-0.052,214,0.3786
2012,Ball St.,97.7,102.6,-0.055,215,0.3763
2012,Eastern Washington,99.3,104.4,-0.046,216,0.3742
2012,McNeese St.,99.8,105.0,0.048,217,0.3724
2012,Austin Peay,99.8,105.1,-0.029,218,0.3721
2012,St. Francis NY,95.0,100.1,-0.025,219,0.371
2012,South Alabama,98.4,103.6,0.104,220,0.3701
2012,Hofstra,96.8,102.2,-0.122,221,0.3637
2012,Seattle,96.6,102.4,-0.069,222,0.3556
2012,Wright St.,92.6,98.3,-0.002,223,0.3515
2012,Southeast Missouri St.,103.2,109.5,-0.036,224,0.3511
2012,Southern Illinois,96.7,103.0,-0.051,225,0.3437
2012,Siena,95.7,102.0,0.043,226,0.3424
2012,Holy Cross,96.0,102.3,0.055,227,0.3418
2012,Northwestern St.,95.0,101.3,0.006,228,0.3401
2012,Florida International,97.4,104.1,-0.067,229,0.3365
2012,High Point,103.7,110.9,-0.064,230,0.3336
2012,Jacksonville,97.6,104.5,-0.019,231,0.331
2012,Western Carolina,99.3,106.4,0.043,232,0.3309
2012,Southern Utah,95.8,102.8,0.014,233,0.3276
2012,Lafayette,103.1,110.7,0.011,234,0.3265
2012,Arizona St.,98.0,105.4,0.006,235,0.3229
2012,James Madison,99.6,107.3,0.01,236,0.3193
2012,Niagara,101.3,109.1,0.041,237,0.3181
2012,Sacred Heart,99.9,107.6,-0.028,238,0.3177
2012,NC Wilmington,97.8,105.5,0.008,239,0.3138
2012,Georgia Southern,95.6,103.2,0.071,240,0.3131
2012,Texas Tech,92.3,99.7,-0.016,241,0.3121
2012,Furman,95.6,103.3,0.013,242,0.3106
2012,Campbell,100.8,109.1,0.05,243,0.3081
2012,Stetson,99.1,107.3,-0.011,244,0.3061
2012,Southern California,87.3,94.6,-0.1,245,0.3032
2012,Utah Valley,96.7,105.0,0.062,246,0.3019
2012,Northern Colorado,102.7,111.8,-0.058,247,0.2968
2012,Appalachian St.,98.3,107.2,0.005,248,0.2919
2012,Marist,96.2,104.9,0.048,249,0.2905
2012,UC Irvine,95.1,103.8,0.0,250,0.2903
2012,Delaware St.,99.1,108.2,0.013,251,0.2885
2012,Presbyterian,99.8,109.0,0.023,252,0.2879
2012,Cal St. Bakersfield,98.7,107.9,0.066,253,0.286
2012,Elon,95.5,104.8,0.072,254,0.2782
2012,Boston College,92.9,102.0,0.047,255,0.2769
2012,Chattanooga,95.6,105.2,-0.116,256,0.2725
2012,Winthrop,92.7,102.1,-0.022,257,0.2718
2012,Mississippi Valley St.,95.4,105.0,0.146,258,0.2716
2012,Virginia Military Inst,99.9,110.0,0.073,259,0.2706
2012,Texas St.,97.4,107.7,-0.058,260,0.2636
2012,Troy,102.1,113.1,0.018,261,0.2595
2012,North Dakota,93.3,103.6,0.038,262,0.2563
2012,Gardner Webb,92.8,103.1,-0.033,263,0.2545
2012,Central Michigan,95.1,105.7,-0.005,264,0.253
2012,NC Greensboro,95.7,106.5,0.094,265,0.2509
2012,Bethune Cookman,99.5,110.7,0.057,266,0.2507
2012,Santa Clara,101.5,113.0,-0.076,267,0.2504
2012,Eastern Kentucky,98.4,109.6,0.052,268,0.2492
2012,San Jose St.,97.4,108.4,-0.046,269,0.249
2012,Morgan St.,95.9,106.8,-0.104,270,0.2481
2012,Samford,100.4,111.8,0.024,271,0.248
2012,Bradley,91.3,101.7,-0.013,272,0.248
2012,IUPU Fort Wayne,95.5,106.5,0.021,273,0.2468
2012,Maine,94.1,105.0,-0.043,274,0.2463
2012,Fordham,93.1,103.9,0.071,275,0.2452
2012,Liberty,98.6,110.0,0.052,276,0.2449
2012,Coppin St.,104.0,116.8,-0.004,277,0.2339
2012,Monmouth,95.5,107.3,0.063,278,0.2327
2012,Portland,95.9,107.9,0.017,279,0.2313
2012,Eastern Michigan,88.0,99.0,0.096,280,0.2307
2012,South Dakota,96.5,108.7,-0.016,281,0.2266
2012,Loyola Chicago,93.4,105.3,-0.057,282,0.2265
2012,Hampton,89.9,101.6,-0.051,283,0.2227
2012,UC Riverside,87.8,99.3,0.12,284,0.2211
2012,Pacific,95.0,107.5,-0.027,285,0.2196
2012,Texas Southern,89.2,101.0,-0.013,286,0.2188
2012,William & Mary,96.0,108.8,-0.064,287,0.2169
2012,Missouri Kansas City,96.9,109.9,-0.023,288,0.2159
2012,Sacramento St.,96.2,109.6,-0.09,289,0.2075
2012,Illinois Chicago,94.9,108.3,0.006,290,0.2059
2012,Pepperdine,91.7,104.7,0.014,291,0.2046
2012,Sam Houston St.,87.1,99.5,-0.011,292,0.2034
2012,New Hampshire,89.4,102.3,0.016,293,0.2008
2012,Dartmouth,89.3,102.8,-0.076,294,0.1904
2012,Mount St. Mary's,91.1,105.0,-0.052,295,0.1899
2012,Montana St.,93.9,108.3,0.027,296,0.1878
2012,Army,91.2,105.3,-0.006,297,0.1852
2012,NJ Inst of Technology,94.3,109.5,-0.024,298,0.1783
2012,North Carolina A&T,91.5,106.5,-0.026,299,0.1738
2012,Cal St. Northridge,96.0,112.2,-0.049,300,0.1694
2012,Eastern Illinois,94.1,110.1,0.017,301,0.1659
2012,Hartford,89.5,104.9,-0.018,302,0.1631
2012,Idaho St.,94.1,110.7,0.028,303,0.1591
2012,Southeastern Louisiana,84.1,99.2,0.011,304,0.1553
2012,SIU Edwardsville,92.7,109.7,0.059,305,0.151
2012,Utah,89.4,106.0,-0.01,306,0.1474
2012,Brown,92.2,109.9,-0.006,307,0.1428
2012,St. Francis PA,91.3,109.3,-0.05,308,0.1364
2012,Louisiana Monroe,93.6,112.2,-0.088,309,0.135
2012,Texas A&M Corpus Chris,87.5,104.8,0.026,310,0.1349
2012,Radford,87.9,105.6,-0.064,311,0.132
2012,Canisius,93.7,112.8,0.003,312,0.1304
2012,Texas Pan American,89.6,108.4,0.017,313,0.1239
2012,Kennesaw St.,94.4,114.4,-0.1,314,0.1229
2012,The Citadel,89.9,109.0,-0.041,315,0.1218
2012,Colgate,95.2,115.6,0.062,316,0.1211
2012,Florida A&M,90.9,110.6,0.04,317,0.1182
2012,St. Peter's,86.4,105.4,-0.046,318,0.1149
2012,Houston Baptist,90.3,110.4,0.015,319,0.1134
2012,Howard,86.8,106.2,0.039,320,0.113
2012,Navy,89.3,110.0,-0.056,321,0.1053
2012,Southern,87.0,107.4,0.112,322,0.1028
2012,Central Arkansas,90.0,111.5,0.002,323,0.1003
2012,Alabama St.,84.4,104.9,0.027,324,0.0973
2012,UC Davis,90.5,112.5,-0.039,325,0.0971
2012,Nebraska Omaha,94.3,117.3,-0.055,326,0.0965
2012,Arkansas Pine Bluff,90.4,112.4,0.063,327,0.0964
2012,Prairie View A&M,83.2,104.4,0.046,328,0.0888
2012,Northern Illinois,87.3,109.6,-0.024,329,0.0878
2012,Nicholls St.,94.5,118.9,0.048,330,0.0864
2012,Fairleigh Dickinson,86.0,108.3,0.034,331,0.0863
2012,Maryland Eastern Shore,84.0,106.1,0.004,332,0.0841
2012,Tennessee Martin,90.7,115.1,-0.013,333,0.0795
2012,Bryant,91.0,115.8,-0.038,334,0.0783
2012,Chicago St.,85.4,109.4,-0.049,335,0.0735
2012,Jackson St.,85.0,109.2,-0.028,336,0.0711
2012,Alcorn St.,85.1,109.4,-0.045,337,0.0711
2012,Towson,83.9,108.2,-0.037,338,0.0688
2012,Northern Arizona,87.2,112.8,-0.005,339,0.067
2012,Alabama A&M,87.3,113.3,-0.064,340,0.0644
2012,MD Baltimore County,88.2,114.6,-0.029,341,0.064
2012,Longwood,94.1,122.4,0.01,342,0.063
2012,Binghamton,85.4,112.3,-0.022,343,0.0572
2012,South Carolina St.,88.4,116.8,-0.03,344,0.0546
2012,Grambling,80.3,116.6,0.022,345,0.0214
2013,Florida,118.4,83.4,-0.106,1,0.9731
2013,Louisville,114.6,81.0,-0.03,2,0.9721
2013,Indiana,123.2,89.0,-0.023,3,0.9655
2013,Gonzaga,119.8,88.4,0.033,4,0.9578
2013,Ohio St.,114.7,86.5,0.019,5,0.9475
2013,Duke,119.6,90.6,0.018,6,0.9454
2013,Pittsburgh,116.5,88.7,-0.059,7,0.9426
2013,Kansas,112.7,85.9,0.019,8,0.9418
2013,Wisconsin,108.8,83.6,-0.026,9,0.9374
2013,Michigan St.,112.8,87.3,0.006,10,0.9325
2013,Michigan,120.6,93.9,-0.011,11,0.9283
2013,Georgetown,108.0,84.4,0.048,12,0.9263
2013,Syracuse,114.2,89.8,-0.002,13,0.9213
2013,Miami FL,113.3,89.7,0.028,14,0.9164
2013,Creighton,118.3,94.8,-0.021,15,0.9059
2013,St. Louis,108.2,87.0,-0.005,16,0.9039
2013,New Mexico,109.7,88.2,0.083,17,0.9035
2013,Missouri,115.0,93.1,-0.026,18,0.8968
2013,Arizona,113.3,92.0,0.006,19,0.8946
2013,Oklahoma St.,108.4,88.1,-0.014,20,0.8936
2013,Virginia Commonwealth,113.3,92.2,-0.01,21,0.8917
2013,St. Mary's,115.6,94.6,0.04,22,0.8866
2013,Minnesota,112.6,92.2,-0.035,23,0.8857
2013,Colorado St.,117.8,96.5,-0.003,24,0.8851
2013,Marquette,113.4,93.3,0.066,25,0.8805
2013,San Diego St.,106.7,88.2,-0.046,26,0.8764
2013,Virginia,107.5,88.9,-0.071,27,0.8759
2013,North Carolina,112.3,93.0,0.039,28,0.8739
2013,Iowa,107.9,89.5,-0.051,29,0.8724
2013,Kansas St.,113.2,94.2,0.068,30,0.8677
2013,Notre Dame,115.3,95.9,0.045,31,0.8676
2013,Middle Tennessee,106.9,89.1,0.056,32,0.8665
2013,Wichita St.,109.1,91.3,-0.002,33,0.8618
2013,Mississippi,111.8,93.6,0.002,34,0.8609
2013,North Carolina St.,116.1,97.2,-0.02,35,0.8605
2013,Nevada Las Vegas,105.3,88.3,-0.001,36,0.859
2013,Iowa St.,116.9,98.2,-0.034,37,0.8567
2013,Denver,111.0,93.4,-0.048,38,0.8552
2013,Memphis,107.8,90.7,0.02,39,0.855
2013,Cincinnati,104.4,88.4,0.002,40,0.8462
2013,Baylor,111.8,94.8,-0.123,41,0.844
2013,Illinois,109.7,93.2,0.05,42,0.8408
2013,Oregon,104.1,88.6,0.063,43,0.8395
2013,UCLA,110.4,94.3,0.062,44,0.8353
2013,Villanova,105.4,90.0,0.022,45,0.8341
2013,Belmont,109.9,93.9,0.01,46,0.8331
2013,Kentucky,110.7,94.7,0.011,47,0.8325
2013,Stanford,109.9,94.1,-0.091,48,0.8307
2013,Boise St.,111.6,95.6,0.012,49,0.8291
2013,Colorado,105.8,90.8,0.04,50,0.8278
2013,Oklahoma,110.6,95.4,0.003,51,0.8196
2013,Butler,108.0,93.5,0.106,52,0.8146
2013,Connecticut,108.7,94.1,0.012,53,0.8143
2013,Akron,105.6,91.7,0.012,54,0.8107
2013,Maryland,106.0,92.1,-0.047,55,0.8093
2013,Southern Mississippi,110.6,96.1,0.017,56,0.8081
2013,La Salle,109.8,95.5,0.03,57,0.807
2013,California,105.8,92.9,0.043,58,0.7929
2013,Davidson,110.4,96.8,0.016,59,0.7929
2013,Stony Brook,104.8,91.9,-0.038,60,0.7929
2013,Alabama,103.2,90.8,0.018,61,0.7881
2013,Bucknell,105.3,92.7,-0.022,62,0.7879
2013,Illinois St.,108.4,95.7,-0.093,63,0.782
2013,Purdue,104.6,92.7,-0.053,64,0.7768
2013,Providence,105.8,93.7,-0.036,65,0.7762
2013,Valparaiso,109.8,97.3,0.024,66,0.7761
2013,Tennessee,108.3,96.1,0.013,67,0.773
2013,Temple,110.6,98.3,0.04,68,0.7708
2013,Dayton,111.3,99.1,-0.1,69,0.7664
2013,Northern Iowa,104.9,93.6,-0.034,70,0.763
2013,Brigham Young,107.1,95.7,-0.012,71,0.7604
2013,North Dakota St.,103.1,92.2,0.003,72,0.7589
2013,Arkansas,105.5,94.7,0.004,73,0.7509
2013,Detroit,113.0,101.6,-0.043,74,0.7472
2013,Stephen F. Austin,97.8,88.2,-0.001,75,0.7426
2013,Saint Joseph's,107.2,96.7,-0.011,76,0.742
2013,Arizona St.,106.5,96.6,-0.001,77,0.7319
2013,Xavier,104.7,95.1,-0.055,78,0.7276
2013,Ohio,105.1,95.5,0.035,79,0.7265
2013,New Mexico St.,104.0,94.6,0.027,80,0.7246
2013,Massachusetts,107.2,97.8,0.082,81,0.7178
2013,Washington,105.6,96.4,0.004,82,0.7177
2013,Richmond,109.7,100.2,-0.017,83,0.7174
2013,Evansville,104.7,95.6,-0.045,84,0.716
2013,Vanderbilt,102.1,93.5,-0.026,85,0.7101
2013,Louisiana Tech,100.0,91.9,0.084,86,0.7055
2013,Air Force,111.3,102.2,0.022,87,0.7047
2013,Washington St.,106.7,98.1,-0.134,88,0.7019
2013,Santa Clara,106.8,98.5,0.022,89,0.6966
2013,Boston College,109.6,101.7,0.026,90,0.6845
2013,Louisiana St.,105.0,97.4,0.06,91,0.6821
2013,Princeton,107.4,99.8,-0.071,92,0.6813
2013,Weber St.,106.1,98.6,-0.025,93,0.6796
2013,Georgia Tech,98.4,91.6,-0.037,94,0.6776
2013,Fresno St.,99.0,92.2,-0.062,95,0.6746
2013,Iona,113.1,105.5,-0.097,96,0.6722
2013,Georgia,101.4,94.6,-0.002,97,0.6717
2013,Texas,101.2,94.4,-0.008,98,0.6708
2013,Southern California,101.4,94.6,-0.015,99,0.6707
2013,Lehigh,106.5,99.4,0.016,100,0.6704
2013,Texas A&M,103.3,96.5,-0.013,101,0.6687
2013,South Dakota St.,110.4,103.1,0.03,102,0.6675
2013,Wyoming,101.0,94.6,0.044,103,0.6625
2013,Oregon St.,107.8,100.9,-0.12,104,0.6624
2013,Rutgers,106.2,99.4,0.015,105,0.6612
2013,Indiana St.,100.8,94.6,0.042,106,0.6578
2013,St. John's,98.0,92.0,0.045,107,0.6557
2013,Harvard,106.1,99.8,0.015,108,0.6504
2013,George Washington,98.9,93.4,-0.085,109,0.6415
2013,Kent St.,106.9,101.1,-0.031,110,0.6375
2013,Seton Hall,102.8,97.4,-0.026,111,0.6359
2013,Utah St.,107.6,101.9,0.024,112,0.6355
2013,Texas El Paso,102.2,96.9,0.001,113,0.6337
2013,Clemson,99.0,94.0,-0.111,114,0.6297
2013,Eastern Kentucky,108.8,103.5,0.024,115,0.625
2013,Utah,103.1,98.2,-0.027,116,0.622
2013,Florida St.,105.1,100.2,0.098,117,0.6185
2013,St. Bonaventure,108.0,103.1,-0.039,118,0.6173
2013,Wright St.,95.6,91.4,0.008,119,0.6147
2013,Wisconsin Green Bay,102.6,98.1,-0.041,120,0.6143
2013,Pacific,105.0,100.5,0.058,121,0.6104
2013,Loyola MD,103.7,99.4,0.037,122,0.6079
2013,Canisius,109.1,104.6,-0.014,123,0.6073
2013,Drake,105.3,101.1,0.002,124,0.6035
2013,West Virginia,103.6,99.9,-0.042,125,0.5933
2013,Florida Gulf Coast,101.5,97.9,0.035,126,0.593
2013,Mercer,101.1,97.8,0.022,127,0.5849
2013,Nebraska,100.9,97.8,0.104,128,0.579
2013,Wake Forest,99.5,96.4,-0.007,129,0.5788
2013,Niagara,104.8,101.7,0.011,130,0.5768
2013,Cal Poly,105.6,102.5,0.003,131,0.576
2013,Arkansas St.,97.4,94.6,-0.033,132,0.573
2013,Northwestern St.,105.3,102.3,0.039,133,0.5729
2013,Charlotte,98.8,96.0,0.145,134,0.5727
2013,San Francisco,105.4,102.6,-0.041,135,0.5694
2013,Vermont,101.6,99.0,0.0,136,0.5673
2013,Northwestern,102.6,100.0,-0.023,137,0.5661
2013,Central Florida,105.0,102.4,0.05,138,0.5659
2013,Murray St.,103.5,101.0,-0.012,139,0.5612
2013,UC Irvine,100.0,97.8,0.015,140,0.5578
2013,Robert Morris,102.3,100.2,0.037,141,0.5546
2013,George Mason,101.8,99.7,-0.021,142,0.5525
2013,Texas Arlington,97.7,95.7,0.054,143,0.5525
2013,Manhattan,93.9,92.2,-0.022,144,0.5478
2013,Montana,103.5,101.6,0.12,145,0.5473
2013,South Florida,99.1,97.4,-0.008,146,0.5431
2013,Albany,100.7,99.0,0.088,147,0.543
2013,Long Beach St.,104.0,102.2,0.098,148,0.5425
2013,Penn St.,100.6,99.0,0.019,149,0.5406
2013,Tulane,105.1,103.7,-0.047,150,0.5335
2013,Boston University,103.2,102.0,-0.025,151,0.5312
2013,Western Michigan,101.3,100.2,0.052,152,0.5279
2013,Army,104.2,103.3,-0.083,153,0.5213
2013,East Carolina,106.1,105.3,0.046,154,0.5185
2013,Lafayette,104.8,104.1,0.047,155,0.5171
2013,Rider,97.1,96.5,0.04,156,0.5171
2013,Texas Southern,104.3,103.6,-0.061,157,0.5163
2013,College of Charleston,99.3,98.7,0.11,158,0.5139
2013,Fairfield,94.6,94.2,0.012,159,0.5126
2013,UAB,98.8,98.6,0.003,160,0.5051
2013,Nevada,103.7,103.6,0.038,161,0.5017
2013,DePaul,104.2,104.3,-0.049,162,0.498
2013,North Carolina Central,96.5,96.8,0.026,163,0.493
2013,Loyola Chicago,101.3,101.6,-0.082,164,0.491
2013,Virginia Tech,105.3,105.7,0.031,165,0.4906
2013,Western Illinois,94.0,94.4,0.042,166,0.4895
2013,Drexel,99.6,100.0,-0.088,167,0.4892
2013,Tennessee St.,102.6,103.3,0.046,168,0.4827
2013,Oral Roberts,103.1,104.0,-0.032,169,0.4771
2013,Southern,95.7,96.6,-0.018,170,0.4765
2013,Delaware,101.9,103.0,0.078,171,0.473
2013,Bradley,100.4,101.4,0.027,172,0.473
2013,Towson,101.4,102.5,0.054,173,0.473
2013,San Diego,100.8,101.9,0.039,174,0.4712
2013,Tulsa,98.2,99.4,0.05,175,0.4705
2013,Georgia St.,103.7,105.0,-0.05,176,0.4674
2013,Buffalo,102.5,103.8,-0.068,177,0.4658
2013,Houston,105.8,107.3,-0.007,178,0.4643
2013,James Madison,97.3,98.9,0.059,179,0.4602
2013,Southern Illinois,100.1,101.6,0.046,180,0.4598
2013,Northeastern,104.5,106.2,0.063,181,0.4593
2013,Southern Methodist,98.4,100.0,-0.07,182,0.4582
2013,Western Kentucky,100.1,101.8,0.039,183,0.456
2013,Florida International,99.3,101.1,0.069,184,0.4537
2013,Long Island,109.0,111.0,0.018,185,0.4522
2013,Bryant,107.4,109.5,0.059,186,0.4496
2013,Wagner,95.8,97.8,0.054,187,0.4469
2013,Gardner Webb,97.3,99.4,-0.036,188,0.4452
2013,Charleston Southern,99.4,101.6,-0.05,189,0.4444
2013,Toledo,101.6,103.9,0.012,190,0.442
2013,Rhode Island,98.2,100.8,-0.043,191,0.4337
2013,Yale,101.2,104.0,0.032,192,0.4306
2013,Illinois Chicago,96.3,99.2,0.041,193,0.4265
2013,Auburn,97.0,99.9,-0.117,194,0.4265
2013,Idaho,108.2,111.6,-0.001,195,0.4206
2013,South Alabama,96.0,99.1,0.049,196,0.4206
2013,Columbia,98.8,102.1,-0.12,197,0.4158
2013,Hawaii,101.4,105.3,0.023,198,0.4055
2013,Quinnipiac,100.9,104.8,-0.032,199,0.4045
2013,Morgan St.,97.6,101.5,-0.042,200,0.4002
2013,Bowling Green,95.0,98.9,-0.091,201,0.3997
2013,Cal St. Fullerton,104.5,108.8,-0.097,202,0.3997
2013,Jacksonville St.,100.9,105.0,0.087,203,0.3996
2013,Youngstown St.,99.8,103.9,0.034,204,0.3988
2013,South Carolina Upstate,100.3,104.5,-0.076,205,0.3964
2013,Oakland,104.4,108.8,0.047,206,0.3954
2013,Elon,97.9,102.3,0.053,207,0.3894
2013,Mount St. Mary's,100.3,104.8,0.117,208,0.3889
2013,Missouri St.,99.5,104.1,0.023,209,0.388
2013,UC Santa Barbara,96.7,101.2,-0.04,210,0.386
2013,NC Asheville,99.2,104.0,-0.076,211,0.3826
2013,UC Davis,102.1,107.1,-0.009,212,0.3796
2013,High Point,98.1,103.0,-0.053,213,0.3776
2013,South Carolina,99.0,104.0,0.028,214,0.3757
2013,William & Mary,104.8,110.4,-0.064,215,0.3712
2013,Loyola Marymount,95.1,100.3,-0.016,216,0.3685
2013,Cal St. Northridge,101.5,107.1,-0.018,217,0.3667
2013,Southeast Missouri St.,102.4,108.3,-0.033,218,0.3611
2013,Savannah St.,85.9,90.9,0.06,219,0.3592
2013,Pepperdine,96.8,102.5,0.026,220,0.3568
2013,Seattle,92.1,97.6,-0.174,221,0.3561
2013,Marshall,98.9,104.9,-0.009,222,0.3534
2013,Hartford,91.9,97.6,0.088,223,0.3512
2013,Norfolk St.,93.0,98.8,0.121,224,0.3498
2013,St. Francis NY,100.8,107.2,-0.068,225,0.348
2013,North Carolina A&T,89.6,95.3,0.017,226,0.3461
2013,Morehead St.,97.8,104.2,0.033,227,0.3424
2013,Brown,93.8,100.1,0.041,228,0.3412
2013,Arkansas Little Rock,94.3,100.7,0.06,229,0.3378
2013,Coastal Carolina,95.5,102.1,-0.075,230,0.3346
2013,Louisiana Lafayette,98.6,105.5,-0.048,231,0.3345
2013,Sam Houston St.,91.7,98.2,-0.019,232,0.3322
2013,Florida Atlantic,97.1,104.2,0.011,233,0.3258
2013,Texas St.,99.8,107.2,0.008,234,0.325
2013,Stetson,98.1,105.7,0.016,235,0.3168
2013,Marist,96.7,104.3,-0.052,236,0.3151
2013,Holy Cross,96.8,104.4,0.002,237,0.3139
2013,Central Michigan,103.4,111.7,0.0,238,0.3129
2013,Western Carolina,99.8,107.8,-0.032,239,0.3123
2013,IUPU Fort Wayne,96.9,104.7,0.021,240,0.3102
2013,Cal St. Bakersfield,95.3,103.1,0.006,241,0.3088
2013,Eastern Michigan,90.3,97.9,0.017,242,0.3048
2013,Texas San Antonio,98.4,106.9,-0.046,243,0.3007
2013,Pennsylvania,92.8,100.8,-0.008,244,0.2988
2013,Northern Colorado,100.2,108.9,-0.051,245,0.2985
2013,Duquesne,97.6,106.1,0.022,246,0.298
2013,Texas Tech,96.7,105.3,0.024,247,0.2938
2013,Miami OH,96.1,104.7,-0.066,248,0.2938
2013,North Texas,95.2,104.0,-0.024,249,0.287
2013,Northern Kentucky,95.0,103.9,-0.033,250,0.2854
2013,Liberty,99.6,109.0,-0.023,251,0.2841
2013,Fordham,97.2,106.5,0.027,252,0.2817
2013,Ball St.,97.2,106.7,0.08,253,0.2783
2013,Appalachian St.,96.8,106.4,0.01,254,0.2753
2013,Wofford,86.7,95.3,-0.059,255,0.275
2013,North Dakota,94.4,103.8,0.045,256,0.2745
2013,Mississippi St.,90.2,99.2,-0.011,257,0.2738
2013,South Dakota,101.5,111.8,-0.083,258,0.2715
2013,Maine,95.1,104.8,0.019,259,0.2696
2013,Central Connecticut,98.8,109.2,0.056,260,0.2642
2013,Portland,92.2,102.2,0.036,261,0.2593
2013,North Florida,97.5,108.1,-0.01,262,0.2578
2013,Cleveland St.,96.9,107.6,0.033,263,0.2548
2013,Old Dominion,96.9,107.8,-0.113,264,0.2512
2013,Cornell,97.0,107.9,0.028,265,0.25
2013,Texas Christian,91.7,102.1,0.09,266,0.2495
2013,NJ Inst of Technology,92.4,103.0,-0.047,267,0.2478
2013,Eastern Illinois,97.7,108.9,-0.033,268,0.2476
2013,Dartmouth,94.7,105.6,-0.008,269,0.2464
2013,Colgate,94.4,105.4,0.001,270,0.2442
2013,Sacred Heart,98.2,109.9,0.007,271,0.2391
2013,American,95.3,107.1,0.004,272,0.2338
2013,Troy,96.6,108.5,0.005,273,0.2333
2013,New Hampshire,90.2,101.4,-0.054,274,0.2315
2013,Tennessee Tech,93.6,105.4,0.037,275,0.2295
2013,Winthrop,93.0,104.7,0.037,276,0.2294
2013,Bethune Cookman,95.9,107.9,-0.029,277,0.2286
2013,Hampton,87.4,98.5,0.031,278,0.2257
2013,NC Greensboro,94.9,107.5,-0.152,279,0.2178
2013,Southeastern Louisiana,93.7,106.4,0.046,280,0.2134
2013,Georgia Southern,93.9,106.7,0.011,281,0.2133
2013,St. Peter's,91.2,103.7,0.061,282,0.2123
2013,Samford,95.5,108.8,-0.008,283,0.2086
2013,Virginia Military Inst,99.4,113.5,-0.023,284,0.2037
2013,Sacramento St.,93.8,107.3,0.05,285,0.2021
2013,Arkansas Pine Bluff,89.4,102.3,0.116,286,0.2002
2013,NC Wilmington,94.4,108.3,0.022,287,0.1978
2013,Delaware St.,94.7,108.8,0.053,288,0.1935
2013,Nicholls St.,96.0,110.4,-0.024,289,0.1917
2013,Chicago St.,89.1,102.5,-0.081,290,0.1908
2013,Jacksonville,93.3,107.4,0.068,291,0.19
2013,Radford,89.3,102.9,0.007,292,0.1895
2013,Eastern Washington,94.9,109.4,0.0,293,0.1887
2013,Utah Valley,96.4,111.2,-0.005,294,0.1881
2013,Siena,92.8,107.3,0.021,295,0.185
2013,Campbell,95.4,110.4,0.014,296,0.183
2013,Wisconsin Milwaukee,92.6,107.4,-0.004,297,0.1791
2013,Montana St.,98.1,114.0,0.032,298,0.1764
2013,Austin Peay,95.6,111.3,-0.071,299,0.1746
2013,Central Arkansas,96.1,111.8,0.045,300,0.1744
2013,Chattanooga,95.7,111.5,0.017,301,0.174
2013,Hofstra,86.8,101.1,-0.025,302,0.1717
2013,Portland St.,100.5,117.4,-0.103,303,0.1698
2013,Lipscomb,94.2,110.1,0.053,304,0.168
2013,MD Baltimore County,92.8,108.6,-0.01,305,0.1666
2013,Southern Utah,89.9,105.3,-0.001,306,0.1654
2013,Texas A&M Corpus Chris,93.9,110.1,-0.04,307,0.1648
2013,SIU Edwardsville,90.0,105.4,-0.008,308,0.1648
2013,McNeese St.,93.3,109.4,0.088,309,0.1637
2013,Northern Arizona,92.7,108.7,0.04,310,0.1626
2013,UC Riverside,86.7,102.4,-0.071,311,0.1536
2013,Monmouth,88.9,105.1,0.018,312,0.1517
2013,San Jose St.,87.5,103.7,0.021,313,0.1494
2013,Texas Pan American,90.3,107.5,0.087,314,0.1439
2013,Coppin St.,90.2,107.3,-0.038,315,0.1434
2013,Jackson St.,91.8,109.3,-0.015,316,0.1434
2013,Navy,87.2,104.3,-0.049,317,0.1372
2013,Nebraska Omaha,97.7,117.3,0.094,318,0.1332
2013,Missouri Kansas City,89.9,108.0,-0.022,319,0.1325
2013,Rice,93.4,112.3,-0.032,320,0.1323
2013,East Tennessee St.,90.8,110.4,0.063,321,0.1191
2013,Idaho St.,89.1,108.4,-0.117,322,0.1175
2013,Houston Baptist,85.0,103.6,0.072,323,0.1164
2013,Northern Illinois,83.2,101.5,-0.053,324,0.115
2013,Florida A&M,88.0,107.9,0.0,325,0.1099
2013,St. Francis PA,91.2,112.0,0.034,326,0.1085
2013,Alcorn St.,83.3,102.7,-0.045,327,0.1039
2013,Louisiana Monroe,89.5,110.4,-0.027,328,0.1035
2013,Prairie View A&M,85.5,106.0,0.026,329,0.0995
2013,Tennessee Martin,90.9,113.3,0.071,330,0.095
2013,The Citadel,95.1,118.7,-0.005,331,0.0934
2013,Kennesaw St.,89.2,111.4,0.004,332,0.0931
2013,Howard,80.8,101.4,-0.044,333,0.0893
2013,IUPUI,93.4,117.3,-0.054,334,0.0876
2013,Longwood,92.0,115.7,-0.004,335,0.0874
2013,Presbyterian,93.2,117.3,0.01,336,0.0861
2013,Alabama St.,88.5,112.2,0.006,337,0.081
2013,Alabama A&M,88.2,111.9,-0.004,338,0.08
2013,Fairleigh Dickinson,90.1,114.8,0.028,339,0.077
2013,South Carolina St.,87.9,113.5,-0.015,340,0.0678
2013,Furman,88.5,114.8,-0.008,341,0.0649
2013,Mississippi Valley St.,86.8,112.8,-0.071,342,0.0635
2013,Binghamton,82.8,109.2,-0.018,343,0.0557
2013,Maryland Eastern Shore,85.2,113.0,-0.029,344,0.0527
2013,Lamar,82.4,110.8,0.023,345,0.0458
2013,New Orleans,84.0,113.5,0.042,346,0.0438
2013,Grambling,73.4,124.5,-0.014,347,0.0044
2014,Arizona,113.1,86.9,0.024,1,0.954
2014,Louisville,117.4,90.6,-0.044,2,0.9515
2014,Florida,115.8,90.0,0.059,3,0.9476
2014,Virginia,114.0,89.5,0.028,4,0.9419
2014,Wichita St.,117.7,92.7,0.009,5,0.9399
2014,Villanova,115.8,93.7,0.086,6,0.9196
2014,Duke,124.4,101.4,-0.026,7,0.9126
2014,Creighton,125.7,102.5,-0.009,8,0.9121
2014,Kansas,118.6,96.9,-0.04,9,0.9108
2014,Michigan St.,117.3,96.5,-0.009,10,0.9038
2014,Wisconsin,119.5,98.7,0.02,11,0.9
2014,VCU,107.9,89.4,-0.044,12,0.8972
2014,Tennessee,113.5,94.1,-0.097,13,0.8968
2014,Michigan,122.3,101.6,0.055,14,0.8935
2014,Syracuse,113.2,94.2,0.035,15,0.8926
2014,UCLA,116.8,97.5,-0.015,16,0.8885
2014,Kentucky,114.9,96.3,-0.06,17,0.8844
2014,Pittsburgh,115.1,96.5,-0.047,18,0.8841
2014,Ohio St.,107.1,89.9,-0.028,19,0.8828
2014,Gonzaga,111.5,93.7,-0.006,20,0.8804
2014,San Diego St.,108.0,90.9,0.078,21,0.8787
2014,Oklahoma St.,114.0,96.0,-0.101,22,0.878
2014,Iowa St.,115.9,97.8,0.072,23,0.8758
2014,Cincinnati,107.9,91.4,0.05,24,0.8701
2014,Connecticut,109.5,92.9,0.059,25,0.8688
2014,North Carolina,111.0,94.5,0.006,26,0.8646
2014,Iowa,120.1,102.5,-0.114,27,0.8608
2014,New Mexico,112.7,96.5,0.044,28,0.857
2014,Oklahoma,116.9,100.3,-0.012,29,0.8538
2014,Oregon,117.1,100.6,-0.032,30,0.8524
2014,Baylor,118.6,102.0,0.012,31,0.8492
2014,SMU,108.3,93.5,-0.05,32,0.8455
2014,Harvard,111.2,96.3,0.024,33,0.839
2014,Saint Louis,104.6,91.2,0.024,34,0.8286
2014,Louisiana Tech,108.7,95.2,0.0,35,0.8204
2014,Utah,110.1,96.6,-0.049,36,0.8182
2014,Stanford,112.5,98.7,0.006,37,0.8182
2014,St. John's,107.6,94.5,-0.04,38,0.8162
2014,Texas,109.5,96.3,0.086,39,0.8137
2014,Providence,114.3,100.6,0.068,40,0.8115
2014,Florida St.,111.6,98.4,-0.017,41,0.8097
2014,Xavier,112.8,99.6,0.019,42,0.8074
2014,Maryland,107.9,95.4,-0.074,43,0.8045
2014,Kansas St.,108.0,95.5,0.012,44,0.8041
2014,Memphis,110.4,97.8,0.039,45,0.802
2014,George Washington,109.4,96.8,0.07,46,0.8017
2014,Arizona St.,108.3,96.0,0.019,47,0.8009
2014,Nebraska,108.2,96.0,0.052,48,0.7977
2014,Saint Joseph's,110.3,98.1,0.091,49,0.7935
2014,BYU,113.7,101.2,-0.007,50,0.7919
2014,Clemson,105.7,94.3,-0.006,51,0.7864
2014,Massachusetts,108.4,96.8,0.053,52,0.7859
2014,Dayton,113.4,101.4,0.019,53,0.7834
2014,Georgetown,111.4,100.2,-0.02,54,0.7724
2014,North Dakota St.,114.7,103.2,0.071,55,0.7713
2014,Illinois,104.0,93.7,0.012,56,0.7685
2014,Minnesota,111.4,100.5,0.006,57,0.7666
2014,Arkansas,109.3,98.7,-0.028,58,0.7655
2014,Stephen F. Austin,111.6,100.8,0.051,59,0.7642
2014,Georgia St.,113.9,102.8,-0.023,60,0.7636
2014,Green Bay,108.1,97.8,0.036,61,0.7607
2014,Marquette,109.8,99.4,-0.051,62,0.7584
2014,Southern Miss,110.8,100.5,0.11,63,0.7536
2014,Colorado,105.9,96.2,0.11,64,0.7502
2014,West Virginia,114.3,104.0,-0.06,65,0.7476
2014,North Carolina St.,113.6,103.4,0.081,66,0.7462
2014,Manhattan,106.0,96.7,-0.003,67,0.7434
2014,Tulsa,105.3,96.0,-0.025,68,0.743
2014,LSU,109.1,99.6,-0.013,69,0.7404
2014,Vermont,109.0,99.8,-0.054,70,0.735
2014,Miami FL,109.0,99.8,-0.045,71,0.7325
2014,New Mexico St.,112.1,102.7,-0.017,72,0.7325
2014,California,109.3,100.2,0.022,73,0.7319
2014,Indiana,106.3,97.6,-0.069,74,0.729
2014,Iona,117.5,108.0,-0.007,75,0.7249
2014,Georgia,107.9,99.2,0.037,76,0.7248
2014,Missouri,113.4,104.2,0.067,77,0.7241
2014,North Carolina Central,107.5,99.0,0.037,78,0.7189
2014,Saint Mary's,110.9,102.2,0.019,79,0.7186
2014,Boise St.,113.4,104.5,-0.056,80,0.7177
2014,San Francisco,111.8,103.5,0.061,81,0.7089
2014,Penn St.,109.2,101.1,-0.049,82,0.7079
2014,Middle Tennessee,103.9,96.3,0.047,83,0.7053
2014,Texas Tech,109.7,102.0,-0.054,84,0.698
2014,Cleveland St.,110.4,102.7,-0.037,85,0.6975
2014,UC Irvine,102.8,95.6,-0.018,86,0.6968
2014,Seton Hall,107.8,100.4,-0.06,87,0.6951
2014,St. Bonaventure,111.2,103.6,-0.065,88,0.6935
2014,UNLV,107.3,100.5,-0.047,89,0.6795
2014,Mississippi,109.7,102.9,-0.005,90,0.6775
2014,UTEP,105.5,99.0,0.027,91,0.6749
2014,Richmond,103.7,97.4,0.026,92,0.6728
2014,Butler,105.0,98.6,-0.057,93,0.6722
2014,Northern Iowa,112.1,105.3,-0.08,94,0.6718
2014,Washington,110.7,104.2,0.036,95,0.6664
2014,American,103.2,97.3,-0.032,96,0.6636
2014,Princeton,106.4,100.3,-0.003,97,0.6632
2014,Alabama,106.1,100.1,-0.092,98,0.6613
2014,Mercer,107.5,101.6,0.007,99,0.6578
2014,Buffalo,110.1,104.0,-0.033,100,0.6576
2014,Notre Dame,112.1,106.2,-0.063,101,0.6509
2014,Purdue,106.7,101.2,-0.039,102,0.6474
2014,Oregon St.,111.5,105.8,0.016,103,0.6472
2014,Indiana St.,105.5,100.3,0.08,104,0.6396
2014,Delaware,110.9,105.6,0.059,105,0.6367
2014,Rhode Island,103.8,98.9,-0.068,106,0.634
2014,La Salle,105.1,100.2,0.001,107,0.6329
2014,Toledo,114.6,109.3,0.123,108,0.6322
2014,Belmont,112.2,107.1,0.07,109,0.6302
2014,Canisius,111.6,106.9,0.029,110,0.6224
2014,Georgia Tech,104.0,99.7,-0.002,111,0.6195
2014,Portland,108.1,103.6,-0.109,112,0.6184
2014,Western Michigan,106.7,102.3,0.086,113,0.6182
2014,UC Santa Barbara,108.8,104.6,0.056,114,0.6112
2014,Louisiana Lafayette,109.9,105.7,0.046,115,0.6106
2014,Wake Forest,105.8,101.8,0.058,116,0.6075
2014,Wyoming,104.8,101.0,-0.059,117,0.6047
2014,Davidson,113.0,109.1,-0.001,118,0.5997
2014,Ohio,107.3,103.7,0.031,119,0.5974
2014,Vanderbilt,102.6,99.1,0.018,120,0.5965
2014,South Carolina,105.9,102.4,-0.052,121,0.5948
2014,Eastern Michigan,97.5,94.3,0.01,122,0.5945
2014,Fresno St.,110.0,106.4,0.006,123,0.5936
2014,South Dakota St.,105.6,102.3,0.009,124,0.5898
2014,Boston University,105.1,101.9,0.092,125,0.5892
2014,Columbia,105.3,102.3,-0.014,126,0.5836
2014,Wright St.,100.0,97.3,-0.05,127,0.5789
2014,Towson,110.9,107.9,0.073,128,0.5787
2014,Eastern Kentucky,111.3,108.3,0.041,129,0.5777
2014,Houston,111.2,108.2,0.056,130,0.5768
2014,Texas A&M,100.2,97.7,-0.005,131,0.5725
2014,Utah St.,107.7,105.2,0.01,132,0.5669
2014,Akron,103.1,100.7,0.086,133,0.5655
2014,Drexel,103.9,101.7,-0.031,134,0.5612
2014,Northwestern,96.1,94.1,0.033,135,0.5608
2014,Auburn,109.0,106.7,-0.025,136,0.5593
2014,George Mason,106.1,103.9,-0.036,137,0.5584
2014,Colorado St.,109.5,107.4,-0.073,138,0.5552
2014,Denver,110.4,108.4,-0.03,139,0.5547
2014,Illinois St.,102.0,100.1,0.019,140,0.5547
2014,Boston College,113.3,111.2,-0.074,141,0.5537
2014,San Diego,104.3,102.4,-0.026,142,0.5509
2014,IPFW,107.3,105.6,0.065,143,0.5458
2014,Duquesne,110.0,108.4,-0.053,144,0.5421
2014,Long Beach St.,104.1,102.6,-0.024,145,0.5413
2014,Holy Cross,103.6,102.2,0.039,146,0.5403
2014,Nevada,107.9,106.4,0.027,147,0.5399
2014,Hawaii,109.9,108.6,-0.045,148,0.5363
2014,Missouri St.,105.5,104.3,0.13,149,0.5332
2014,Quinnipiac,111.3,110.1,0.073,150,0.5314
2014,Bucknell,101.7,100.6,-0.041,151,0.5312
2014,Santa Clara,106.6,105.8,-0.043,152,0.522
2014,Southern Illinois,105.8,105.1,-0.061,153,0.5181
2014,UAB,103.5,103.0,-0.009,154,0.5136
2014,Murray St.,107.7,107.3,0.017,155,0.5124
2014,USC,102.2,101.8,-0.015,156,0.5093
2014,Pacific,108.3,108.3,0.062,157,0.5
2014,Brown,100.6,100.6,-0.118,158,0.4995
2014,Temple,109.3,109.3,-0.078,159,0.4987
2014,USC Upstate,105.4,105.5,-0.046,160,0.4976
2014,Valparaiso,102.2,102.4,-0.014,161,0.4941
2014,Arkansas St.,106.1,106.4,0.004,162,0.4925
2014,Milwaukee,104.5,104.9,0.12,163,0.489
2014,William & Mary,112.0,112.5,0.095,164,0.4866
2014,Stony Brook,105.0,105.6,0.017,165,0.4858
2014,Pepperdine,106.6,107.1,0.025,166,0.4852
2014,Northwestern St.,108.4,109.0,-0.019,167,0.4846
2014,UCF,105.7,106.3,-0.047,168,0.4834
2014,Weber St.,105.6,106.4,-0.001,169,0.4782
2014,Rutgers,105.7,106.5,-0.012,170,0.4779
2014,Yale,100.7,101.7,0.055,171,0.4731
2014,Siena,100.9,101.9,0.019,172,0.4708
2014,Cal Poly,103.2,104.3,-0.059,173,0.4697
2014,Wagner,98.2,99.4,0.017,174,0.4653
2014,DePaul,105.2,106.5,0.032,175,0.4643
2014,Charlotte,101.5,102.9,0.046,176,0.4624
2014,Albany,101.9,103.4,-0.002,177,0.4582
2014,Nebraska Omaha,103.7,105.2,-0.067,178,0.458
2014,Western Kentucky,100.7,102.2,0.113,179,0.4551
2014,Florida Gulf Coast,100.2,101.8,0.024,180,0.4545
2014,Colgate,107.9,109.7,-0.149,181,0.4534
2014,Old Dominion,99.3,101.1,0.011,182,0.4489
2014,Youngstown St.,107.0,108.9,-0.053,183,0.4485
2014,Wofford,100.9,102.8,0.024,184,0.4482
2014,Robert Morris,103.8,105.7,0.099,185,0.4472
2014,Loyola Marymount,104.1,106.0,0.047,186,0.4471
2014,Washington St.,101.2,103.1,-0.043,187,0.4469
2014,Morehead St.,102.2,104.1,0.046,188,0.4458
2014,Oral Roberts,107.4,109.7,-0.058,189,0.4396
2014,Mount St. Mary's,108.3,110.7,0.04,190,0.4394
2014,Virginia Tech,98.1,100.4,-0.081,191,0.4344
2014,Oakland,109.0,111.6,0.025,192,0.4326
2014,Kent St.,102.9,105.4,-0.022,193,0.431
2014,Detroit,100.6,103.0,-0.049,194,0.4308
2014,Sam Houston St.,105.4,108.0,0.093,195,0.4308
2014,Drake,103.9,106.6,0.024,196,0.4261
2014,South Florida,101.6,104.3,0.017,197,0.425
2014,Utah Valley,102.6,105.4,0.13,198,0.4238
2014,Bryant,104.8,107.9,0.03,199,0.4176
2014,Fordham,107.8,111.0,-0.036,200,0.415
2014,Elon,103.9,107.1,0.034,201,0.415
2014,Southern,96.5,99.4,-0.035,202,0.4146
2014,St. Francis NY,98.7,101.8,0.007,203,0.4126
2014,Northeastern,100.4,103.6,-0.047,204,0.4108
2014,Marist,102.0,105.4,-0.021,205,0.407
2014,College of Charleston,96.9,100.2,-0.068,206,0.4053
2014,Northern Illinois,93.3,96.6,0.019,207,0.4014
2014,Evansville,102.3,106.1,0.007,208,0.3952
2014,Bradley,99.8,103.7,-0.05,209,0.3924
2014,UT Arlington,105.2,109.4,0.058,210,0.3886
2014,Lafayette,110.5,115.0,-0.061,211,0.3866
2014,Montana,106.8,111.2,0.002,212,0.3859
2014,Miami OH,98.2,102.4,0.076,213,0.3819
2014,Cal St. Northridge,106.2,110.8,0.029,214,0.381
2014,Rider,105.5,110.1,0.041,215,0.3798
2014,Mississippi St.,99.5,103.8,0.032,216,0.379
2014,Texas A&M Corpus Chris,103.9,108.6,-0.002,217,0.3749
2014,Bowling Green,92.0,96.2,-0.028,218,0.3741
2014,VMI,105.9,110.9,0.042,219,0.3698
2014,Hampton,95.8,100.4,0.013,220,0.3694
2014,FIU,100.9,105.8,0.053,221,0.3688
2014,Northern Colorado,108.2,113.3,-0.011,222,0.3685
2014,Arkansas Little Rock,100.6,105.4,0.06,223,0.3685
2014,UNC Asheville,106.7,111.9,0.026,224,0.3684
2014,Morgan St.,99.7,104.6,0.004,225,0.3672
2014,Eastern Washington,105.5,110.6,-0.028,226,0.3656
2014,Cal St. Bakersfield,100.4,105.5,-0.089,227,0.3616
2014,Hartford,101.9,107.0,0.028,228,0.3609
2014,Army,104.6,110.0,0.016,229,0.3599
2014,North Texas,99.0,104.2,0.047,230,0.3573
2014,TCU,97.9,103.0,0.007,231,0.3567
2014,Coastal Carolina,97.3,102.5,0.042,232,0.3551
2014,East Carolina,105.4,111.0,0.008,233,0.3547
2014,Winthrop,103.0,108.7,0.061,234,0.3518
2014,Western Carolina,103.6,109.3,0.027,235,0.351
2014,Grand Canyon,105.7,111.6,0.062,236,0.348
2014,Texas Southern,106.2,112.1,-0.001,237,0.3475
2014,Southeast Missouri St.,107.1,113.1,-0.012,238,0.3474
2014,Saint Peter's,97.8,103.3,0.058,239,0.3472
2014,Dartmouth,103.0,109.0,-0.079,240,0.3419
2014,Seattle,99.6,105.5,-0.066,241,0.3401
2014,Charleston Southern,104.7,111.1,-0.181,242,0.337
2014,Idaho,105.4,111.9,0.077,243,0.3352
2014,Florida Atlantic,101.0,107.3,-0.086,244,0.3331
2014,North Dakota,104.6,111.2,0.066,245,0.3317
2014,East Tennessee St.,102.7,109.1,0.027,246,0.3315
2014,Troy,102.1,108.6,-0.086,247,0.3315
2014,High Point,104.8,111.6,0.072,248,0.3266
2014,Loyola Chicago,101.9,108.5,-0.073,249,0.3266
2014,Incarnate Word,102.7,109.4,0.015,250,0.3242
2014,Lehigh,97.6,104.0,0.042,251,0.3234
2014,Gardner Webb,99.0,105.6,0.005,252,0.323
2014,Idaho St.,103.7,110.7,-0.092,253,0.3212
2014,Cal St. Fullerton,100.4,107.2,-0.022,254,0.3197
2014,Marshall,98.6,105.3,-0.11,255,0.3195
2014,Northern Arizona,100.2,107.1,0.003,256,0.319
2014,South Dakota,101.6,108.6,0.023,257,0.3179
2014,Norfolk St.,102.1,109.6,0.054,258,0.3074
2014,Radford,105.8,113.7,0.069,259,0.3031
2014,Air Force,98.1,105.6,0.055,260,0.2998
2014,Lipscomb,103.2,111.2,0.086,261,0.2982
2014,Portland St.,102.5,110.4,0.058,262,0.2972
2014,North Florida,102.6,110.6,0.089,263,0.2968
2014,South Alabama,99.9,107.7,-0.047,264,0.2957
2014,Sacramento St.,103.7,112.0,-0.008,265,0.2922
2014,Illinois Chicago,100.3,108.4,-0.113,266,0.2915
2014,James Madison,98.1,106.1,0.048,267,0.2889
2014,Tennessee Tech,100.0,108.2,0.091,268,0.2875
2014,Hofstra,104.6,113.3,-0.037,269,0.2869
2014,Louisiana Monroe,96.7,104.8,-0.012,270,0.2852
2014,Penn,98.3,106.5,-0.013,271,0.2851
2014,Chattanooga,101.1,109.7,0.073,272,0.2816
2014,UMKC,99.0,107.5,0.017,273,0.2802
2014,Fairfield,96.2,104.5,-0.019,274,0.2784
2014,Niagara,100.8,109.6,-0.025,275,0.2762
2014,Monmouth,95.7,104.3,-0.033,276,0.2728
2014,UC Riverside,98.6,107.7,-0.049,277,0.2674
2014,Savannah St.,91.5,100.1,-0.038,278,0.2635
2014,Texas St.,94.1,103.1,-0.114,279,0.2597
2014,Western Illinois,94.2,103.3,-0.068,280,0.2573
2014,UNC Wilmington,95.2,104.4,-0.043,281,0.2571
2014,Fairleigh Dickinson,101.9,112.0,-0.017,282,0.2531
2014,Tulane,99.8,110.1,0.159,283,0.2439
2014,Chicago St.,97.3,107.6,0.069,284,0.2408
2014,Central Michigan,106.2,118.0,0.004,285,0.2297
2014,Tennessee St.,101.8,113.2,-0.05,286,0.2277
2014,SIU Edwardsville,100.2,111.5,-0.005,287,0.2271
2014,Alabama St.,98.2,109.5,0.094,288,0.2218
2014,Liberty,100.7,112.5,-0.13,289,0.2192
2014,Austin Peay,99.7,111.4,0.012,290,0.2185
2014,Georgia Southern,97.7,109.2,-0.04,291,0.218
2014,Loyola MD,97.0,108.5,0.063,292,0.2151
2014,Coppin St.,99.7,111.6,0.007,293,0.215
2014,Nicholls St.,98.0,109.9,0.109,294,0.2117
2014,Texas Pan American,93.7,105.1,-0.033,295,0.2101
2014,Eastern Illinois,99.0,111.3,0.029,296,0.2063
2014,Alabama A&M,92.6,104.1,0.024,297,0.2055
2014,Navy,94.1,106.0,-0.028,298,0.2039
2014,Central Connecticut,97.7,110.2,0.071,299,0.2017
2014,Sacred Heart,98.9,111.5,-0.093,300,0.2007
2014,Jacksonville,103.0,116.2,0.027,301,0.2002
2014,Florida A&M,95.0,107.2,0.05,302,0.1998
2014,Montana St.,95.4,107.7,0.056,303,0.1992
2014,San Jose St.,92.9,105.1,-0.005,304,0.1964
2014,Jackson St.,93.8,106.0,-0.043,305,0.1955
2014,Ball St.,96.3,109.3,-0.022,306,0.1892
2014,Southeastern Louisiana,98.6,111.9,0.002,307,0.189
2014,UTSA,100.6,114.4,-0.0,308,0.1861
2014,St. Francis PA,96.6,109.9,0.038,309,0.1851
2014,McNeese St.,98.3,111.8,0.041,310,0.185
2014,NJIT,96.0,109.4,0.055,311,0.1823
2014,Jacksonville St.,97.0,110.6,-0.016,312,0.1811
2014,New Orleans,96.9,110.7,0.065,313,0.1781
2014,Rice,93.9,107.3,-0.008,314,0.1777
2014,Northern Kentucky,102.0,116.6,-0.044,315,0.176
2014,Samford,100.7,115.2,0.01,316,0.1748
2014,UNC Greensboro,95.1,108.8,0.054,317,0.1744
2014,UC Davis,101.5,116.2,0.035,318,0.174
2014,Prairie View A&M,96.4,110.4,0.004,319,0.173
2014,Tennessee Martin,103.1,118.5,-0.065,320,0.1676
2014,Alcorn St.,94.4,108.6,-0.014,321,0.1671
2014,LIU Brooklyn,102.2,117.8,0.076,322,0.1633
2014,Delaware St.,97.4,112.6,-0.063,323,0.1585
2014,Arkansas Pine Bluff,92.2,106.7,0.089,324,0.1577
2014,UMass Lowell,95.1,110.6,0.063,325,0.1489
2014,UMBC,92.6,108.2,-0.003,326,0.143
2014,Central Arkansas,95.8,112.4,-0.01,327,0.1378
2014,IUPUI,96.7,113.9,-0.037,328,0.132
2014,New Hampshire,89.3,105.3,-0.086,329,0.1313
2014,Campbell,97.9,116.0,0.058,330,0.1235
2014,Appalachian St.,91.5,108.9,-0.034,331,0.1187
2014,Howard,87.8,104.6,-0.027,332,0.117
2014,Binghamton,92.2,110.1,-0.018,333,0.1146
2014,Maryland Eastern Shore,100.0,119.7,-0.036,334,0.1119
2014,Stetson,94.4,113.5,0.032,335,0.1071
2014,Bethune Cookman,96.7,116.4,-0.062,336,0.1062
2014,Maine,95.5,115.1,0.01,337,0.1048
2014,Kennesaw St.,92.5,111.6,0.003,338,0.1032
2014,Lamar,93.1,112.5,-0.034,339,0.1026
2014,Furman,94.9,114.6,-0.002,340,0.1024
2014,North Carolina A&T,93.4,112.8,0.035,341,0.1019
2014,Cornell,100.2,121.4,-0.048,342,0.0993
2014,Houston Baptist,92.0,112.0,-0.039,343,0.0948
2014,South Carolina St.,91.8,111.9,0.042,344,0.0929
2014,Mississippi Valley St.,93.9,114.5,0.011,345,0.0928
2014,The Citadel,97.4,118.8,-0.046,346,0.0925
2014,Longwood,96.3,117.8,-0.043,347,0.0903
2014,Abilene Christian,94.7,117.0,-0.045,348,0.0813
2014,Grambling St.,97.6,121.5,-0.017,349,0.0743
2014,Presbyterian,95.1,119.2,-0.018,350,0.0697
2014,Southern Utah,89.0,113.0,-0.049,351,0.06
2015,Kentucky,119.7,85.8,0.055,1,0.9787
2015,Arizona,116.0,86.4,-0.028,2,0.9674
2015,Wisconsin,124.7,94.3,0.009,3,0.9615
2015,Virginia,112.2,85.4,0.032,4,0.9587
2015,Villanova,120.8,92.2,0.044,5,0.9571
2015,Gonzaga,119.4,93.4,0.013,6,0.944
2015,Duke,122.0,96.1,0.067,7,0.9395
2015,Utah,113.0,90.6,-0.056,8,0.9275
2015,Oklahoma,109.3,88.9,-0.046,9,0.915
2015,Notre Dame,122.2,99.7,0.064,10,0.9127
2015,Kansas,110.8,90.5,0.079,11,0.9111
2015,Northern Iowa,113.8,93.2,0.01,12,0.908
2015,Iowa St.,118.9,97.7,0.023,13,0.9047
2015,Wichita St.,113.0,92.9,0.018,14,0.9044
2015,Baylor,114.8,94.5,-0.018,15,0.9038
2015,North Carolina,115.3,95.0,-0.034,16,0.9019
2015,Michigan St.,114.1,96.1,-0.053,17,0.8786
2015,Louisville,105.9,89.4,0.027,18,0.8756
2015,SMU,112.3,94.9,0.014,19,0.8734
2015,Texas,110.3,93.3,-0.071,20,0.8725
2015,Ohio St.,111.6,94.7,-0.051,21,0.868
2015,Georgetown,110.3,93.7,-0.002,22,0.867
2015,Butler,107.5,91.7,-0.014,23,0.8624
2015,Iowa,111.1,94.9,-0.003,24,0.8594
2015,West Virginia,111.2,95.4,0.05,25,0.8539
2015,Xavier,111.9,96.1,-0.063,26,0.8518
2015,San Diego St.,102.4,88.3,0.014,27,0.8468
2015,Providence,110.7,95.5,0.043,28,0.8458
2015,Arkansas,113.0,97.7,0.047,29,0.8416
2015,VCU,108.1,93.6,0.059,30,0.84
2015,BYU,116.7,101.1,-0.042,31,0.8395
2015,Davidson,118.5,103.1,0.037,32,0.8319
2015,Maryland,108.5,94.6,0.131,33,0.8289
2015,Cincinnati,106.7,93.3,-0.027,34,0.8242
2015,Stephen F. Austin,113.0,99.1,0.03,35,0.8183
2015,Georgia,107.0,93.9,0.01,36,0.8178
2015,Oklahoma St.,109.4,96.2,-0.034,37,0.8141
2015,North Carolina St.,111.5,98.2,-0.02,38,0.8111
2015,Boise St.,109.4,96.5,0.027,39,0.8091
2015,Dayton,107.1,94.7,0.022,40,0.8057
2015,UCLA,110.2,97.4,0.026,41,0.8056
2015,St. John's,108.1,95.7,0.058,42,0.8019
2015,LSU,106.8,94.7,-0.027,43,0.8006
2015,Mississippi,112.9,100.1,-0.056,44,0.7996
2015,Florida,103.4,91.7,-0.117,45,0.7988
2015,Oregon,113.3,100.6,0.127,46,0.7972
2015,Vanderbilt,112.3,99.7,-0.108,47,0.7968
2015,Stanford,111.1,99.3,-0.033,48,0.7852
2015,Purdue,108.5,97.1,0.01,49,0.7825
2015,Texas A&M,105.9,94.8,-0.006,50,0.7808
2015,Richmond,106.0,94.9,-0.081,51,0.7804
2015,Miami FL,109.2,98.0,0.001,52,0.7764
2015,Indiana,116.6,104.7,-0.032,53,0.7762
2015,Buffalo,109.8,98.5,0.011,54,0.7759
2015,Rhode Island,101.4,91.2,-0.0,55,0.7723
2015,Temple,102.0,91.7,0.076,56,0.7716
2015,TCU,106.0,95.6,-0.08,57,0.7657
2015,Minnesota,110.2,99.8,-0.099,58,0.7588
2015,Connecticut,106.0,96.1,-0.058,59,0.7543
2015,Illinois St.,106.3,96.5,-0.039,60,0.7539
2015,Alabama,108.3,98.3,-0.019,61,0.7525
2015,Syracuse,103.0,93.6,-0.024,62,0.7509
2015,Valparaiso,103.8,94.3,0.07,63,0.7499
2015,Old Dominion,105.0,95.6,0.037,64,0.7473
2015,Illinois,104.0,94.7,-0.028,65,0.7467
2015,Saint Mary's,108.6,99.0,0.034,66,0.7436
2015,South Carolina,102.9,93.9,-0.048,67,0.7426
2015,Colorado St.,109.0,99.5,0.098,68,0.7404
2015,Green Bay,102.3,93.5,0.036,69,0.7376
2015,Arizona St.,107.4,98.2,-0.033,70,0.7361
2015,Georgia St.,108.4,99.2,-0.008,71,0.7344
2015,Tulsa,100.6,92.3,0.088,72,0.7288
2015,Murray St.,113.1,104.0,0.098,73,0.7229
2015,Yale,104.7,96.5,0.029,74,0.7206
2015,George Washington,105.4,97.2,0.007,75,0.719
2015,Louisiana Tech,104.7,96.9,0.019,76,0.7092
2015,Michigan,107.9,99.9,-0.008,77,0.7091
2015,Harvard,102.0,94.5,0.114,78,0.7059
2015,Sam Houston St.,100.9,93.8,-0.039,79,0.698
2015,Pittsburgh,112.7,104.8,0.023,80,0.6974
2015,Kansas St.,103.3,96.3,0.009,81,0.6898
2015,Creighton,108.3,101.4,-0.082,82,0.681
2015,Penn St.,102.2,95.8,0.005,83,0.6793
2015,Central Michigan,112.3,105.2,0.027,84,0.6785
2015,Memphis,103.5,97.1,-0.033,85,0.6749
2015,Clemson,101.5,95.4,0.01,86,0.6713
2015,Toledo,111.2,104.6,-0.03,87,0.6694
2015,New Mexico St.,104.1,97.9,-0.051,88,0.6674
2015,Tennessee,107.4,101.1,0.03,89,0.6666
2015,Wofford,103.3,97.5,0.141,90,0.6617
2015,Georgia Tech,100.1,94.5,-0.07,91,0.6604
2015,Akron,102.8,97.0,-0.041,92,0.6604
2015,UC Davis,110.3,104.1,0.06,93,0.6586
2015,UC Irvine,103.9,98.3,-0.007,94,0.6559
2015,Colorado,104.7,99.0,-0.042,95,0.6556
2015,Bowling Green,104.7,99.1,-0.024,96,0.6524
2015,UTEP,104.1,98.5,-0.005,97,0.6515
2015,San Diego,101.4,96.1,-0.076,98,0.6502
2015,Cleveland St.,105.3,99.8,-0.083,99,0.649
2015,UNLV,106.5,101.0,-0.028,100,0.6474
2015,La Salle,98.3,93.5,-0.017,101,0.6413
2015,Wyoming,101.8,97.0,0.084,102,0.6373
2015,Florida St.,102.3,97.6,0.037,103,0.6341
2015,Seton Hall,106.1,101.2,0.012,104,0.6337
2015,South Dakota St.,104.9,100.1,-0.01,105,0.6324
2015,Pepperdine,99.1,94.6,0.009,106,0.6308
2015,St. Bonaventure,102.8,98.2,0.01,107,0.6272
2015,Iona,110.4,105.5,0.052,108,0.6271
2015,North Carolina Central,100.8,96.4,0.044,109,0.6264
2015,UC Santa Barbara,106.4,101.8,-0.02,110,0.626
2015,Marquette,101.7,97.4,-0.043,111,0.6204
2015,Boston College,105.6,101.4,-0.035,112,0.6169
2015,Kent St.,105.1,100.9,0.04,113,0.6153
2015,Eastern Kentucky,104.1,100.0,-0.037,114,0.614
2015,Vermont,100.7,96.8,-0.135,115,0.6119
2015,California,101.5,97.7,0.061,116,0.6072
2015,Oregon St.,96.8,93.3,0.014,117,0.6059
2015,Utah St.,105.8,102.0,-0.022,118,0.6024
2015,Northwestern,105.9,102.3,0.009,119,0.5985
2015,Northeastern,106.0,102.4,0.037,120,0.598
2015,UAB,103.8,100.3,0.011,121,0.5979
2015,Hawaii,102.9,99.5,-0.009,122,0.5933
2015,Washington,106.4,103.0,-0.002,123,0.5932
2015,Hofstra,108.9,105.4,-0.1,124,0.5909
2015,Portland,107.2,103.8,-0.026,125,0.5906
2015,Wake Forest,103.9,101.1,-0.025,126,0.5785
2015,North Florida,105.7,102.8,-0.007,127,0.578
2015,Stony Brook,99.9,97.3,0.036,128,0.5754
2015,Louisiana Lafayette,103.6,101.1,-0.064,129,0.5707
2015,William & Mary,111.4,108.7,-0.009,130,0.5691
2015,Albany,104.2,101.7,0.06,131,0.5686
2015,Nebraska,96.4,94.1,-0.018,132,0.5679
2015,Evansville,102.4,100.0,0.017,133,0.5677
2015,Eastern Michigan,100.2,97.9,0.014,134,0.5665
2015,Massachusetts,103.8,101.6,0.069,135,0.5627
2015,Eastern Washington,110.0,107.7,0.074,136,0.5618
2015,Long Beach St.,101.0,99.0,0.031,137,0.556
2015,Western Kentucky,102.6,100.6,0.04,138,0.556
2015,High Point,106.2,104.2,0.118,139,0.5554
2015,Western Michigan,106.2,104.4,0.044,140,0.5516
2015,New Mexico,98.9,97.2,-0.068,141,0.551
2015,Auburn,103.5,101.7,0.058,142,0.5484
2015,Middle Tennessee,100.6,98.9,0.006,143,0.5474
2015,Loyola Chicago,103.2,101.6,0.042,144,0.5428
2015,Manhattan,100.9,99.5,0.005,145,0.5411
2015,San Francisco,103.1,101.7,-0.082,146,0.541
2015,Georgia Southern,97.7,96.3,0.022,147,0.5403
2015,Coastal Carolina,103.5,102.2,0.006,148,0.5371
2015,Belmont,107.9,106.5,0.071,149,0.5363
2015,Princeton,105.9,104.6,-0.032,150,0.5358
2015,North Dakota St.,101.0,100.1,0.117,151,0.5258
2015,St. Francis NY,101.1,100.3,-0.016,152,0.524
2015,Charlotte,107.5,106.8,-0.104,153,0.5202
2015,USC,98.6,97.9,-0.006,154,0.5194
2015,Oakland,108.6,108.0,0.03,155,0.5171
2015,Texas Tech,100.4,99.9,-0.017,156,0.5166
2015,Cal Poly,100.5,100.2,-0.056,157,0.5097
2015,Chattanooga,103.5,103.3,0.101,158,0.5041
2015,Rider,99.1,98.9,0.102,159,0.5034
2015,Dartmouth,100.3,100.2,-0.025,160,0.5026
2015,Saint Joseph's,98.0,97.9,-0.006,161,0.5025
2015,Montana,103.7,103.7,-0.002,162,0.5011
2015,DePaul,105.0,105.0,-0.001,163,0.4984
2015,Morehead St.,101.8,101.9,-0.093,164,0.4961
2015,UNC Wilmington,99.1,99.4,0.062,165,0.4899
2015,Winthrop,103.0,103.6,-0.051,166,0.483
2015,Northern Illinois,101.4,102.1,0.005,167,0.4819
2015,NJIT,101.4,102.2,0.03,168,0.4784
2015,Mississippi St.,98.0,98.9,-0.034,169,0.4739
2015,Columbia,105.5,106.6,-0.09,170,0.4722
2015,IPFW,105.5,106.8,-0.039,171,0.4659
2015,Indiana St.,100.1,101.3,0.015,172,0.4643
2015,Robert Morris,101.0,102.3,0.037,173,0.4631
2015,Louisiana Monroe,95.8,97.1,0.069,174,0.4619
2015,New Hampshire,98.6,99.9,-0.017,175,0.4619
2015,Colgate,106.4,107.8,-0.055,176,0.4612
2015,Tennessee Martin,106.2,107.7,0.025,177,0.4601
2015,USC Upstate,102.3,103.7,-0.033,178,0.4596
2015,Florida Gulf Coast,99.8,101.4,0.058,179,0.4557
2015,Quinnipiac,100.2,101.9,-0.091,180,0.4518
2015,Mercer,101.9,103.8,-0.05,181,0.4494
2015,Radford,104.2,106.2,0.077,182,0.4454
2015,Monmouth,98.4,100.3,0.013,183,0.445
2015,Canisius,99.5,101.4,-0.036,184,0.4444
2015,American,101.2,103.3,0.015,185,0.4418
2015,Detroit,101.4,103.5,-0.008,186,0.4418
2015,Charleston Southern,105.5,107.7,0.064,187,0.4416
2015,Virginia Tech,103.9,106.1,-0.043,188,0.4415
2015,Santa Clara,103.5,105.6,0.019,189,0.4414
2015,Northern Arizona,100.3,102.6,0.04,190,0.4364
2015,Washington St.,107.2,109.6,0.085,191,0.4361
2015,Saint Peter's,97.6,99.9,-0.067,192,0.4337
2015,Fresno St.,100.7,103.1,0.067,193,0.4309
2015,Maryland Eastern Shore,103.5,106.0,0.053,194,0.43
2015,Lafayette,110.4,113.2,0.078,195,0.4285
2015,Miami OH,100.8,103.5,0.009,196,0.425
2015,Norfolk St.,102.5,105.3,0.04,197,0.4237
2015,Sacramento St.,106.5,109.4,0.083,198,0.4234
2015,UT Arlington,101.4,104.1,0.023,199,0.4229
2015,Milwaukee,101.0,103.8,0.043,200,0.4208
2015,Duquesne,107.3,110.5,-0.016,201,0.4177
2015,Bucknell,103.9,107.0,0.087,202,0.4176
2015,Air Force,106.1,109.2,-0.065,203,0.4175
2015,Lehigh,97.7,100.6,0.007,204,0.4174
2015,Rice,100.5,103.5,-0.062,205,0.4167
2015,UTSA,104.5,107.7,-0.051,206,0.4127
2015,Texas Southern,101.7,104.9,0.131,207,0.4111
2015,James Madison,102.8,106.1,0.12,208,0.4104
2015,Cornell,94.6,97.6,-0.032,209,0.4092
2015,Missouri,98.9,102.2,-0.02,210,0.4083
2015,Fordham,100.4,103.7,-0.06,211,0.4072
2015,Gardner Webb,105.3,108.8,0.093,212,0.4067
2015,Northwestern St.,111.4,115.2,0.054,213,0.4046
2015,Incarnate Word,106.5,110.2,0.046,214,0.4042
2015,Houston,99.4,102.8,-0.057,215,0.4036
2015,Oral Roberts,102.7,106.4,0.097,216,0.4002
2015,Texas A&M Corpus Chris,99.1,102.7,0.046,217,0.3987
2015,George Mason,100.8,104.6,-0.033,218,0.3963
2015,Rutgers,96.3,99.9,0.036,219,0.3947
2015,East Carolina,102.0,106.4,-0.003,220,0.3806
2015,St. Francis PA,97.6,102.0,0.031,221,0.3764
2015,Denver,103.7,108.4,-0.068,222,0.3762
2015,UC Riverside,95.9,100.3,0.013,223,0.374
2015,Mount St. Mary's,96.5,100.9,0.04,224,0.3739
2015,South Dakota,101.3,106.0,0.032,225,0.3732
2015,Ohio,101.9,106.8,-0.04,226,0.3693
2015,East Tennessee St.,100.1,105.0,0.035,227,0.3674
2015,Eastern Illinois,98.0,102.8,0.116,228,0.3663
2015,Arkansas Little Rock,102.8,108.0,-0.048,229,0.362
2015,Tulane,97.7,102.7,0.031,230,0.3598
2015,Sacred Heart,102.1,107.6,-0.014,231,0.353
2015,Northern Kentucky,102.9,108.7,-0.059,232,0.3476
2015,Idaho,105.0,110.9,-0.07,233,0.3473
2015,Southern Illinois,96.1,101.5,-0.054,234,0.3463
2015,Western Carolina,99.0,104.8,0.009,235,0.3434
2015,Southeast Missouri St.,101.0,106.9,-0.062,236,0.3422
2015,Pacific,100.5,106.4,0.052,237,0.3407
2015,Bryant,102.8,108.9,0.064,238,0.3382
2015,Texas St.,91.6,97.2,-0.033,239,0.3364
2015,UNC Asheville,100.7,106.8,-0.024,240,0.3362
2015,North Texas,97.5,103.5,0.046,241,0.3351
2015,Boston University,103.7,110.2,0.006,242,0.3332
2015,Holy Cross,100.1,106.3,0.03,243,0.333
2015,SIU Edwardsville,96.1,102.3,-0.043,244,0.3284
2015,Lamar,98.5,105.0,0.03,245,0.3263
2015,Delaware St.,102.2,108.9,0.065,246,0.3255
2015,Delaware,100.0,106.5,0.023,247,0.3245
2015,Drexel,98.4,104.9,0.002,248,0.3235
2015,Wright St.,96.2,102.9,-0.029,249,0.3159
2015,Hampton,95.6,102.3,0.022,250,0.3127
2015,Howard,92.4,99.1,0.016,251,0.3089
2015,Tennessee Tech,102.3,109.7,-0.05,252,0.3082
2015,Nebraska Omaha,100.7,108.1,-0.042,253,0.3074
2015,Elon,96.9,104.1,0.053,254,0.3035
2015,Portland St.,100.8,108.4,0.071,255,0.3035
2015,Brown,97.6,105.0,0.049,256,0.3022
2015,Cal St. Bakersfield,98.2,105.7,-0.12,257,0.3014
2015,Alabama St.,95.8,103.3,0.03,258,0.2968
2015,Northern Colorado,107.7,116.1,-0.013,259,0.2957
2015,Drake,103.8,112.1,-0.027,260,0.2933
2015,Ball St.,98.2,106.1,-0.13,261,0.2922
2015,Army,97.4,105.2,0.033,262,0.2907
2015,Seattle,96.5,104.4,0.006,263,0.2875
2015,Marshall,94.5,102.3,-0.049,264,0.2872
2015,Towson,99.0,107.1,-0.026,265,0.2865
2015,Missouri St.,96.1,104.0,-0.011,266,0.2858
2015,Navy,97.2,105.3,0.005,267,0.2857
2015,FIU,94.5,102.4,0.09,268,0.2842
2015,Weber St.,97.7,105.9,0.04,269,0.2838
2015,Appalachian St.,97.4,105.6,0.073,270,0.2827
2015,Grand Canyon,105.3,114.2,0.034,271,0.2824
2015,Southern,92.9,100.8,0.018,272,0.2824
2015,Nevada,95.7,103.9,-0.084,273,0.2803
2015,Cal St. Northridge,98.9,107.4,-0.041,274,0.2794
2015,Illinois Chicago,100.5,109.1,-0.01,275,0.2787
2015,UNC Greensboro,97.9,106.5,-0.125,276,0.2752
2015,Siena,102.9,112.1,-0.01,277,0.273
2015,Bradley,91.0,99.1,-0.044,278,0.2727
2015,Loyola Marymount,100.7,110.0,0.024,279,0.2678
2015,UCF,100.5,109.7,0.075,280,0.2667
2015,Youngstown St.,103.7,113.3,0.013,281,0.2659
2015,McNeese St.,100.1,109.5,0.035,282,0.264
2015,College of Charleston,94.6,103.5,-0.076,283,0.2628
2015,LIU Brooklyn,95.2,104.3,0.038,284,0.2589
2015,Troy,97.9,107.4,-0.054,285,0.2568
2015,Samford,100.5,110.3,0.009,286,0.2563
2015,South Florida,96.9,106.5,-0.024,287,0.253
2015,UMKC,96.4,106.2,-0.014,288,0.2479
2015,Penn,96.1,105.9,0.023,289,0.2461
2015,Lipscomb,99.3,109.5,0.05,290,0.2452
2015,IUPUI,92.1,101.7,0.068,291,0.2429
2015,Niagara,99.1,109.6,-0.004,292,0.2405
2015,Hartford,95.8,105.9,0.076,293,0.2405
2015,Saint Louis,93.3,103.4,0.064,294,0.2338
2015,Arkansas St.,94.7,105.1,0.023,295,0.232
2015,Florida Atlantic,97.3,108.1,-0.055,296,0.2311
2015,VMI,96.0,106.6,-0.05,297,0.2305
2015,Campbell,96.5,107.4,-0.09,298,0.2268
2015,Fairfield,93.5,104.0,-0.086,299,0.2266
2015,Cal St. Fullerton,97.0,108.0,-0.009,300,0.2242
2015,Wagner,96.7,107.9,-0.013,301,0.2217
2015,South Alabama,99.7,111.2,0.085,302,0.2215
2015,Prairie View A&M,96.3,107.6,0.013,303,0.2176
2015,New Orleans,96.5,107.9,-0.035,304,0.2175
2015,Furman,97.0,108.9,-0.024,305,0.2106
2015,Southeastern Louisiana,94.6,106.3,-0.103,306,0.2066
2015,Houston Baptist,100.5,113.1,0.029,307,0.2046
2015,Marist,93.7,105.4,0.032,308,0.204
2015,Southern Utah,97.0,109.3,0.033,309,0.2013
2015,Jacksonville St.,93.2,105.2,0.053,310,0.1988
2015,UMass Lowell,92.4,104.5,0.077,311,0.1966
2015,Loyola MD,91.4,103.3,0.08,312,0.1963
2015,Southern Miss,95.7,108.2,0.038,313,0.1947
2015,Longwood,95.7,108.3,0.024,314,0.1941
2015,Idaho St.,96.4,109.6,-0.092,315,0.1875
2015,Jackson St.,89.7,102.1,-0.095,316,0.1843
2015,North Dakota,95.4,109.1,-0.031,317,0.1767
2015,Austin Peay,92.7,106.4,-0.005,318,0.1708
2015,Montana St.,94.6,108.8,-0.056,319,0.1675
2015,Fairleigh Dickinson,96.0,111.1,0.052,320,0.1581
2015,Nicholls St.,90.9,105.5,0.024,321,0.1521
2015,Jacksonville,96.9,112.5,-0.023,322,0.152
2015,Coppin St.,99.0,115.0,-0.008,323,0.1515
2015,Arkansas Pine Bluff,91.5,106.8,0.036,324,0.1455
2015,Presbyterian,95.6,111.5,-0.005,325,0.1454
2015,Binghamton,93.0,108.6,-0.047,326,0.1442
2015,Western Illinois,90.6,106.4,0.036,327,0.1361
2015,Utah Valley,91.2,107.1,0.007,328,0.1356
2015,The Citadel,101.6,120.4,0.077,329,0.1245
2015,Alabama A&M,94.7,112.3,-0.022,330,0.1236
2015,Liberty,90.6,107.7,-0.059,331,0.12
2015,Abilene Christian,93.0,110.6,-0.003,332,0.1191
2015,Bethune Cookman,90.6,107.8,-0.033,333,0.1188
2015,Stetson,95.5,113.7,0.006,334,0.1182
2015,South Carolina St.,89.9,107.3,0.049,335,0.1148
2015,Chicago St.,88.8,106.2,-0.013,336,0.113
2015,Morgan St.,92.5,111.0,0.029,337,0.1096
2015,Kennesaw St.,92.5,111.4,0.039,338,0.1058
2015,Savannah St.,86.7,104.4,0.012,339,0.1055
2015,North Carolina A&T,92.3,111.2,-0.038,340,0.1047
2015,Central Connecticut,91.6,110.6,-0.012,341,0.103
2015,Tennessee St.,87.5,105.8,-0.045,342,0.1016
2015,Texas Pan American,91.9,111.4,0.032,343,0.099
2015,UMBC,88.1,108.3,-0.037,344,0.0854
2015,Maine,92.4,114.0,-0.02,345,0.0817
2015,Alcorn St.,92.5,115.4,-0.059,346,0.0722
2015,Mississippi Valley St.,91.0,115.1,-0.001,347,0.0623
2015,Central Arkansas,90.4,115.2,0.004,348,0.0578
2015,San Jose St.,85.2,108.6,-0.03,349,0.0574
2015,Florida A&M,85.4,114.5,-0.02,350,0.0329
2015,Grambling St.,79.9,114.3,-0.078,351,0.016
2016,Kansas,118.9,92.0,0.062,1,0.9503
2016,Virginia,118.3,91.9,-0.043,2,0.9482
2016,Michigan St.,121.3,94.8,-0.004,3,0.945
2016,North Carolina,119.5,94.0,-0.043,4,0.9407
2016,Villanova,117.2,93.0,0.012,5,0.9352
2016,West Virginia,114.8,92.4,0.008,6,0.9236
2016,Oklahoma,115.4,93.3,0.008,7,0.9199
2016,Kentucky,122.3,98.9,-0.035,8,0.9198
2016,Oregon,119.4,97.4,0.035,9,0.9123
2016,Purdue,115.3,94.5,-0.031,10,0.9078
2016,Louisville,109.7,90.5,-0.024,11,0.9018
2016,Wichita St.,108.9,89.9,-0.08,12,0.9005
2016,Miami FL,117.2,97.1,0.054,13,0.8971
2016,Indiana,119.0,98.7,-0.003,14,0.8959
2016,Xavier,115.8,96.2,0.067,15,0.8946
2016,Arizona,116.1,96.5,-0.033,16,0.8927
2016,Texas A&M,112.6,93.7,0.002,17,0.8923
2016,Iowa St.,120.5,100.3,-0.07,18,0.8919
2016,SMU,116.4,97.0,0.015,19,0.8907
2016,Iowa,114.4,95.9,-0.099,20,0.8832
2016,California,111.3,93.8,-0.051,21,0.8767
2016,Duke,119.3,100.7,-0.039,22,0.8752
2016,Maryland,113.8,96.3,0.006,23,0.8725
2016,Baylor,116.9,99.0,0.002,24,0.8705
2016,Connecticut,110.4,93.7,-0.04,25,0.8677
2016,Seton Hall,110.7,94.0,0.008,26,0.8674
2016,Vanderbilt,112.9,96.1,-0.11,27,0.8641
2016,Gonzaga,114.6,97.8,-0.025,28,0.8609
2016,Utah,113.7,97.5,0.11,29,0.8547
2016,Texas,111.5,96.0,0.037,30,0.8487
2016,Cincinnati,107.7,93.1,-0.053,31,0.8414
2016,Wisconsin,110.0,95.3,-0.031,32,0.839
2016,Stephen F. Austin,110.4,95.7,0.025,33,0.8378
2016,Saint Mary's,116.5,101.3,0.009,34,0.8319
2016,VCU,108.8,95.0,-0.065,35,0.8259
2016,Valparaiso,106.5,93.2,-0.03,36,0.8224
2016,Saint Joseph's,112.9,99.2,0.034,37,0.8159
2016,Yale,108.0,95.0,0.031,38,0.8132
2016,Notre Dame,117.8,103.7,0.033,39,0.8131
2016,Butler,115.6,101.8,-0.004,40,0.8129
2016,Syracuse,109.4,96.4,-0.047,41,0.8111
2016,Texas Tech,113.5,100.1,0.036,42,0.8096
2016,San Diego St.,102.5,90.4,0.003,43,0.8091
2016,Florida,107.5,94.8,-0.051,44,0.8081
2016,Pittsburgh,112.7,99.8,0.003,45,0.8024
2016,Providence,107.9,95.7,0.044,46,0.7991
2016,Arkansas Little Rock,108.3,96.1,0.032,47,0.7978
2016,Creighton,109.5,97.2,-0.087,48,0.7965
2016,USC,112.4,99.9,-0.012,49,0.7946
2016,Kansas St.,107.5,95.8,-0.052,50,0.7894
2016,South Carolina,106.6,95.1,0.062,51,0.7886
2016,Florida St.,111.8,99.8,-0.022,52,0.7866
2016,Clemson,111.8,99.9,-0.095,53,0.7856
2016,Dayton,104.7,93.8,0.077,54,0.7806
2016,Colorado,106.6,95.5,0.026,55,0.7788
2016,Michigan,112.7,101.0,0.016,56,0.7778
2016,Houston,116.1,104.3,-0.012,57,0.7743
2016,Tulsa,110.8,99.7,0.009,58,0.7702
2016,BYU,110.2,99.2,-0.057,59,0.7695
2016,Oregon St.,109.3,98.4,0.052,60,0.7691
2016,Hawaii,107.0,96.6,0.009,61,0.7635
2016,Washington,108.3,97.8,-0.025,62,0.763
2016,Virginia Tech,109.8,99.4,0.019,63,0.7578
2016,Georgia Tech,110.4,100.2,0.018,64,0.7536
2016,Georgia,106.4,96.7,0.066,65,0.7506
2016,Princeton,111.5,101.5,0.054,66,0.7457
2016,Monmouth,106.8,97.4,0.009,67,0.7441
2016,Georgetown,109.6,100.2,-0.101,68,0.737
2016,Mississippi,110.7,101.2,0.022,69,0.737
2016,Ohio St.,105.6,96.5,0.053,70,0.7369
2016,Memphis,106.6,97.7,-0.098,71,0.7315
2016,UCLA,111.0,101.7,-0.056,72,0.7315
2016,Iona,110.4,101.2,-0.002,73,0.731
2016,UNC Wilmington,109.4,100.4,0.041,74,0.729
2016,Northwestern,108.3,99.4,-0.001,75,0.7267
2016,Northern Iowa,105.7,97.2,0.017,76,0.724
2016,George Washington,111.1,102.2,0.018,77,0.7234
2016,Evansville,105.7,97.2,-0.01,78,0.7231
2016,St. Bonaventure,113.4,104.3,0.011,79,0.723
2016,South Dakota St.,109.1,100.5,0.015,80,0.7209
2016,Hofstra,110.3,101.8,0.041,81,0.7154
2016,Mississippi St.,107.7,99.4,-0.119,82,0.7152
2016,North Carolina St.,112.7,104.2,-0.036,83,0.7103
2016,Arkansas,108.2,100.2,-0.08,84,0.7078
2016,Akron,109.3,101.2,0.032,85,0.7076
2016,Temple,105.1,97.5,0.113,86,0.703
2016,LSU,110.2,102.2,0.022,87,0.703
2016,William & Mary,112.2,104.1,-0.015,88,0.7028
2016,James Madison,106.3,98.6,-0.043,89,0.7019
2016,Rhode Island,106.4,98.8,-0.115,90,0.7017
2016,Stony Brook,105.8,98.4,0.032,91,0.6979
2016,UC Santa Barbara,106.4,98.9,-0.015,92,0.6976
2016,UC Irvine,105.2,97.9,0.093,93,0.6974
2016,Alabama,104.7,97.3,0.094,94,0.6974
2016,Cal St. Bakersfield,102.3,95.4,-0.001,95,0.6902
2016,Nebraska,108.5,101.4,-0.096,96,0.6861
2016,Arizona St.,107.8,100.8,-0.015,97,0.686
2016,Oakland,115.0,107.6,-0.044,98,0.6822
2016,Oklahoma St.,104.4,97.9,-0.103,99,0.6785
2016,Long Beach St.,106.1,99.5,0.076,100,0.6765
2016,Boise St.,106.8,100.4,-0.05,101,0.6713
2016,UT Arlington,105.5,99.2,-0.023,102,0.6702
2016,Stanford,106.1,99.9,0.04,103,0.6669
2016,Marquette,106.4,100.4,0.056,104,0.6606
2016,Fresno St.,106.2,100.3,0.088,105,0.6595
2016,Richmond,111.6,105.5,-0.074,106,0.6566
2016,Chattanooga,105.1,99.4,0.119,107,0.6557
2016,New Mexico St.,101.1,96.0,0.002,108,0.6453
2016,Davidson,113.4,107.7,0.089,109,0.6432
2016,Tennessee,108.7,103.5,-0.052,110,0.6372
2016,Old Dominion,105.0,100.2,-0.047,111,0.63
2016,Siena,108.0,103.2,-0.015,112,0.6294
2016,Columbia,111.1,106.4,-0.015,113,0.6213
2016,Louisiana Lafayette,108.9,104.4,-0.086,114,0.6211
2016,UAB,107.3,102.8,0.079,115,0.62
2016,UNC Asheville,102.5,98.2,-0.045,116,0.6194
2016,Green Bay,107.7,103.2,0.046,117,0.619
2016,Milwaukee,110.9,106.6,-0.076,118,0.613
2016,Albany,105.7,101.7,-0.016,119,0.6091
2016,Illinois St.,102.5,98.7,0.011,120,0.6084
2016,College of Charleston,96.8,93.2,-0.058,121,0.6081
2016,Louisiana Monroe,106.8,103.1,0.045,122,0.5998
2016,Grand Canyon,103.6,100.2,0.113,123,0.5951
2016,Middle Tennessee,102.2,99.0,0.058,124,0.5926
2016,IPFW,111.5,108.1,0.132,125,0.5893
2016,Illinois,104.9,101.8,0.019,126,0.5856
2016,Northeastern,105.8,102.8,0.017,127,0.5823
2016,Toledo,106.3,103.4,-0.12,128,0.5801
2016,Ohio,111.0,108.0,0.049,129,0.5766
2016,New Mexico,106.6,103.9,-0.034,130,0.5736
2016,Buffalo,105.1,102.5,0.055,131,0.5727
2016,Weber St.,102.6,100.0,-0.003,132,0.5717
2016,Wake Forest,104.5,102.0,0.026,133,0.5697
2016,UNLV,101.3,99.2,-0.044,134,0.5624
2016,Pepperdine,104.9,102.6,0.04,135,0.5618
2016,TCU,99.8,97.7,-0.031,136,0.561
2016,Wright St.,100.1,98.2,0.057,137,0.557
2016,Penn St.,102.3,100.3,0.112,138,0.5546
2016,Towson,105.0,103.1,0.046,139,0.5522
2016,Morehead St.,104.0,102.1,-0.02,140,0.5521
2016,Utah St.,110.5,108.5,-0.032,141,0.5512
2016,Belmont,111.5,109.5,-0.003,142,0.5495
2016,North Dakota St.,100.5,98.8,0.004,143,0.5486
2016,East Tennessee St.,107.4,105.7,0.117,144,0.5472
2016,Nebraska Omaha,108.1,106.6,-0.046,145,0.5421
2016,Nevada,97.1,95.7,0.061,146,0.5404
2016,Montana,105.5,104.1,0.021,147,0.5399
2016,Vermont,107.1,105.8,0.024,148,0.5369
2016,Winthrop,107.4,106.1,0.034,149,0.5366
2016,Southern Illinois,105.7,104.5,0.083,150,0.5334
2016,High Point,109.2,107.9,-0.033,151,0.5326
2016,Eastern Michigan,105.8,104.7,0.013,152,0.5312
2016,Marshall,110.6,109.5,-0.018,153,0.5286
2016,Central Michigan,109.8,108.8,-0.049,154,0.5266
2016,Texas A&M Corpus Chris,101.9,101.2,0.159,155,0.5212
2016,Ball St.,102.2,101.6,-0.025,156,0.5177
2016,Louisiana Tech,103.5,103.0,0.063,157,0.5134
2016,Colorado St.,110.5,110.1,-0.031,158,0.5121
2016,Elon,105.5,105.1,0.018,159,0.511
2016,Tennessee St.,100.9,101.1,0.012,160,0.4937
2016,Coastal Carolina,103.0,103.2,-0.02,161,0.4934
2016,Fordham,101.6,101.8,0.015,162,0.4929
2016,Furman,104.9,105.2,-0.031,163,0.4928
2016,Northern Illinois,100.2,100.5,0.048,164,0.4902
2016,Murray St.,105.7,106.2,-0.041,165,0.4886
2016,Duquesne,105.1,105.6,-0.015,166,0.4868
2016,Detroit,109.6,110.2,0.024,167,0.4827
2016,Western Kentucky,108.0,108.7,0.01,168,0.4807
2016,Oral Roberts,106.5,107.3,0.025,169,0.4779
2016,Bucknell,103.9,104.9,-0.059,170,0.4748
2016,Massachusetts,101.0,101.9,0.007,171,0.4744
2016,Wagner,100.2,101.2,-0.009,172,0.4725
2016,Lehigh,104.6,105.6,-0.004,173,0.4715
2016,Florida Gulf Coast,102.7,103.8,-0.034,174,0.4686
2016,Missouri,103.1,104.3,-0.088,175,0.4676
2016,Wyoming,107.2,108.7,-0.034,176,0.4602
2016,Texas Southern,105.8,107.3,-0.009,177,0.4596
2016,Kent St.,105.4,106.9,0.082,178,0.459
2016,Western Michigan,102.4,103.9,-0.055,179,0.4579
2016,Harvard,98.6,100.2,-0.047,180,0.4557
2016,Georgia St.,98.7,100.4,0.013,181,0.4507
2016,Indiana St.,97.8,99.5,0.012,182,0.4496
2016,Fairfield,104.1,106.0,0.105,183,0.449
2016,Wofford,104.8,106.9,-0.017,184,0.4439
2016,Loyola Chicago,99.0,101.0,0.013,185,0.4435
2016,Western Carolina,100.9,103.1,0.032,186,0.4398
2016,Mercer,105.7,108.2,-0.018,187,0.4348
2016,Denver,101.9,104.3,0.029,188,0.4335
2016,North Florida,111.9,114.6,0.054,189,0.43
2016,Eastern Kentucky,105.9,109.0,-0.03,190,0.4181
2016,Eastern Washington,110.3,113.7,-0.056,191,0.4141
2016,UCF,99.7,102.8,-0.019,192,0.414
2016,North Dakota,98.3,101.3,-0.039,193,0.4138
2016,Charlotte,104.1,107.3,-0.04,194,0.4135
2016,Washington St.,102.0,105.3,-0.051,195,0.4108
2016,San Francisco,106.6,110.0,0.036,196,0.4099
2016,Navy,99.1,102.5,-0.006,197,0.4064
2016,Tennessee Tech,106.8,110.4,0.081,198,0.4059
2016,Georgia Southern,103.9,107.5,-0.018,199,0.4028
2016,UNC Greensboro,103.5,107.2,-0.023,200,0.4006
2016,Sam Houston St.,101.6,105.2,0.006,201,0.4004
2016,DePaul,102.1,105.7,0.004,202,0.3993
2016,Texas St.,99.1,102.7,-0.014,203,0.3977
2016,George Mason,100.6,104.4,-0.005,204,0.3962
2016,Rider,98.9,102.7,-0.061,205,0.3945
2016,Saint Peter's,96.3,100.0,-0.006,206,0.3938
2016,Idaho,98.8,102.6,0.089,207,0.393
2016,IUPUI,98.9,102.7,0.042,208,0.3925
2016,Auburn,99.2,103.2,0.049,209,0.3886
2016,Tennessee Martin,104.1,108.3,0.077,210,0.3874
2016,East Carolina,100.9,105.1,-0.024,211,0.3864
2016,Austin Peay,104.4,108.9,0.058,212,0.3819
2016,Cal Poly,105.6,110.3,-0.063,213,0.3776
2016,NJIT,100.5,105.1,0.033,214,0.3751
2016,Tulane,96.6,101.0,-0.01,215,0.3733
2016,Bowling Green,100.7,105.4,0.036,216,0.3714
2016,Minnesota,98.8,103.5,-0.062,217,0.3704
2016,South Dakota,104.6,109.5,0.057,218,0.3702
2016,Portland,105.7,110.7,-0.072,219,0.3701
2016,Gardner Webb,100.4,105.2,0.045,220,0.3685
2016,Samford,102.1,107.0,-0.057,221,0.3674
2016,Hampton,99.9,104.8,0.147,222,0.3639
2016,UTEP,102.2,107.4,0.035,223,0.3613
2016,Boston University,102.2,107.4,0.047,224,0.3594
2016,Radford,103.2,108.5,0.052,225,0.3593
2016,Southern,100.0,105.4,0.054,226,0.3528
2016,Loyola Marymount,102.5,108.1,0.076,227,0.3516
2016,Canisius,106.8,112.7,-0.013,228,0.3511
2016,UC Riverside,99.8,105.3,-0.026,229,0.3498
2016,Dartmouth,98.5,104.0,-0.099,230,0.3492
2016,New Hampshire,98.9,104.4,0.121,231,0.3482
2016,Incarnate Word,102.2,108.1,0.123,232,0.3446
2016,Manhattan,98.8,104.5,0.045,233,0.3444
2016,Norfolk St.,104.8,110.8,-0.01,234,0.3442
2016,FIU,102.1,108.1,-0.128,235,0.34
2016,Miami OH,96.7,102.4,0.046,236,0.3399
2016,South Florida,97.3,103.1,-0.017,237,0.3397
2016,Pacific,98.8,104.7,-0.007,238,0.3372
2016,Western Illinois,99.7,105.8,-0.069,239,0.3356
2016,St. John's,96.3,102.2,-0.023,240,0.3346
2016,Cal St. Northridge,99.6,105.8,-0.013,241,0.3341
2016,Saint Louis,95.7,101.8,0.018,242,0.33
2016,Jackson St.,93.8,99.8,-0.011,243,0.3296
2016,Colgate,103.5,110.4,-0.018,244,0.3247
2016,Missouri St.,98.6,105.1,0.06,245,0.3242
2016,Drexel,99.1,105.7,-0.026,246,0.3215
2016,Northern Kentucky,100.5,107.5,-0.079,247,0.316
2016,Mount St. Mary's,93.1,99.6,-0.032,248,0.3152
2016,Santa Clara,101.0,108.0,0.019,249,0.3149
2016,Army,98.0,104.9,0.043,250,0.3125
2016,Arkansas St.,99.5,106.6,-0.012,251,0.3115
2016,UC Davis,91.9,98.5,-0.006,252,0.3102
2016,Kennesaw St.,101.0,108.3,-0.026,253,0.3097
2016,Appalachian St.,102.4,109.9,-0.016,254,0.3082
2016,Penn,99.1,106.3,-0.025,255,0.3081
2016,Montana St.,104.9,112.6,-0.024,256,0.3054
2016,Air Force,97.9,105.1,0.086,257,0.3052
2016,Boston College,93.3,100.5,-0.059,258,0.2994
2016,Portland St.,101.7,109.5,-0.046,259,0.2986
2016,South Alabama,95.0,102.4,0.084,260,0.2959
2016,San Jose St.,95.3,102.8,-0.058,261,0.2939
2016,UMKC,102.3,110.4,-0.054,262,0.2936
2016,Fairleigh Dickinson,105.5,114.1,0.092,263,0.2904
2016,La Salle,98.3,106.5,0.036,264,0.2847
2016,Stetson,103.9,112.7,-0.047,265,0.2821
2016,Eastern Illinois,99.8,108.6,0.046,266,0.2748
2016,South Carolina St.,103.0,112.2,0.105,267,0.2713
2016,Holy Cross,97.0,105.8,0.048,268,0.2702
2016,Jacksonville,99.6,108.8,0.05,269,0.2666
2016,Youngstown St.,102.6,112.0,0.006,270,0.2664
2016,Brown,101.5,110.8,-0.057,271,0.2664
2016,Rice,104.9,114.7,0.021,272,0.2645
2016,Delaware,101.0,110.4,-0.004,273,0.2636
2016,San Diego,93.2,102.0,-0.012,274,0.2626
2016,Cal St. Fullerton,100.6,110.1,0.011,275,0.2625
2016,Houston Baptist,102.2,111.8,0.087,276,0.2621
2016,Idaho St.,98.5,107.8,0.051,277,0.2615
2016,Cornell,97.7,107.0,0.046,278,0.2583
2016,St. Francis NY,93.5,102.5,0.011,279,0.2572
2016,Drake,102.4,112.3,-0.101,280,0.2563
2016,LIU Brooklyn,100.5,110.7,0.049,281,0.2482
2016,Lipscomb,100.3,110.5,0.006,282,0.2458
2016,Sacramento St.,97.5,107.6,0.048,283,0.2446
2016,Utah Valley,99.4,109.9,-0.023,284,0.2407
2016,Alabama St.,98.7,109.1,0.029,285,0.2405
2016,Loyola MD,100.7,111.2,-0.031,286,0.2405
2016,Liberty,99.4,109.8,0.076,287,0.2398
2016,Longwood,100.5,111.2,-0.039,288,0.2372
2016,Troy,96.7,107.0,-0.022,289,0.2371
2016,Rutgers,95.5,106.0,-0.036,290,0.2321
2016,Quinnipiac,91.6,101.8,-0.029,291,0.2285
2016,Sacred Heart,99.4,110.7,0.006,292,0.2253
2016,North Texas,100.1,111.5,0.015,293,0.2242
2016,Campbell,100.1,111.8,-0.03,294,0.2197
2016,St. Francis PA,100.6,112.4,0.013,295,0.2177
2016,Seattle,93.9,104.9,0.048,296,0.2173
2016,North Carolina Central,98.5,110.2,-0.076,297,0.2161
2016,Marist,102.3,114.5,-0.043,298,0.2156
2016,Bethune Cookman,97.7,109.7,0.01,299,0.2083
2016,Alcorn St.,98.6,110.8,0.103,300,0.2077
2016,Cleveland St.,90.0,101.2,0.02,301,0.2061
2016,Charleston Southern,97.8,110.0,-0.009,302,0.2055
2016,VMI,97.0,109.1,-0.022,303,0.2054
2016,Morgan St.,94.8,106.8,-0.114,304,0.203
2016,Florida Atlantic,95.3,107.4,-0.033,305,0.2021
2016,American,93.3,105.2,0.111,306,0.1995
2016,Robert Morris,91.1,102.9,-0.033,307,0.1974
2016,Jacksonville St.,97.4,110.1,-0.067,308,0.1966
2016,The Citadel,102.7,116.2,0.008,309,0.1941
2016,UMass Lowell,101.0,114.5,0.1,310,0.1914
2016,Northern Colorado,102.5,116.5,0.024,311,0.1865
2016,Southern Miss,96.2,109.4,-0.019,312,0.1863
2016,Southeastern Louisiana,97.0,110.5,-0.017,313,0.1817
2016,Hartford,100.1,114.1,0.004,314,0.1805
2016,Maryland Eastern Shore,98.7,112.6,-0.01,315,0.1802
2016,Alabama A&M,99.3,113.3,-0.046,316,0.1792
2016,Niagara,93.8,107.1,0.059,317,0.1778
2016,Abilene Christian,96.9,110.7,0.024,318,0.1765
2016,New Orleans,96.3,110.3,-0.059,319,0.1732
2016,Lamar,97.0,111.3,-0.085,320,0.1716
2016,USC Upstate,99.6,114.4,0.007,321,0.1697
2016,Savannah St.,87.7,100.8,0.124,322,0.1687
2016,SIU Edwardsville,94.0,108.2,0.015,323,0.165
2016,Lafayette,99.4,114.5,-0.035,324,0.1632
2016,Binghamton,88.5,102.0,-0.021,325,0.1624
2016,Nicholls St.,92.5,106.7,0.015,326,0.162
2016,Central Arkansas,100.1,115.6,-0.068,327,0.1593
2016,Northwestern St.,101.6,117.5,-0.053,328,0.1584
2016,Coppin St.,95.9,111.2,-0.041,329,0.1554
2016,McNeese St.,98.6,114.6,0.011,330,0.1499
2016,Presbyterian,94.2,109.7,0.044,331,0.1471
2016,UMBC,99.6,116.2,-0.039,332,0.1452
2016,Howard,93.1,108.7,0.009,333,0.1433
2016,Maine,96.5,113.3,0.03,334,0.136
2016,Prairie View A&M,90.0,106.2,0.008,335,0.1295
2016,North Carolina A&T,96.0,113.5,0.03,336,0.1272
2016,Illinois Chicago,89.4,105.9,0.004,337,0.1246
2016,Bradley,85.2,101.0,0.017,338,0.1234
2016,Southern Utah,98.1,116.4,-0.055,339,0.1219
2016,Mississippi Valley St.,91.7,109.0,-0.001,340,0.1199
2016,UTSA,96.9,115.5,-0.052,341,0.1172
2016,Southeast Missouri St.,91.0,108.9,-0.023,342,0.1135
2016,Northern Arizona,92.3,110.8,-0.068,343,0.1092
2016,Bryant,93.6,113.4,0.022,344,0.0989
2016,Arkansas Pine Bluff,89.1,108.2,0.05,345,0.0967
2016,Grambling St.,88.6,108.2,-0.035,346,0.0913
2016,UT Rio Grande Valley,94.3,115.8,0.037,347,0.0859
2016,Delaware St.,89.5,111.3,-0.005,348,0.0758
2016,Chicago St.,91.4,114.5,-0.051,349,0.0698
2016,Florida A&M,84.7,106.3,0.041,350,0.068
2016,Central Connecticut,93.7,117.8,-0.005,351,0.0667
